tour,year,season,event_completed,event_name,event_id,player_name,dg_id,fin_text,round_num,course_name,course_num,course_par,start_hole,teetime,round_score,sg_putt,sg_arg,sg_app,sg_ott,sg_t2g,sg_total,driving_dist,driving_acc,gir,scrambling,prox_rgh,prox_fw,great_shots,poor_shots,eagles_or_better,birdies,pars,bogies,doubles_or_worse
pga,2019,2019,2019-01-13,Sony Open in Hawaii,6,"Kuchar, Matt",6169,1,1,Waialae Country Club,6,70,1,12:40pm,63,1.889,0.9,2.349,1.5,4.75,6.639,295.3,0.857,0.833,1.0,57.411,23.215,6,0,0,7,11,0,0
pga,2019,2019,2019-01-13,Sony Open in Hawaii,6,"Kuchar, Matt",6169,1,2,Waialae Country Club,6,70,10,8:00am,63,4.852,0.457,0.268,0.325,1.051,5.903,289.0,0.571,0.722,0.833,96.175,31.854,4,0,1,6,10,1,0
pga,2019,2019,2019-01-13,Sony Open in Hawaii,6,"Kuchar, Matt",6169,1,3,Waialae Country Club,6,70,1,1:00pm,66,-0.288,0.426,1.485,0.698,2.609,2.321,293.2,0.714,0.889,1.0,46.839,23.946,2,1,0,4,14,0,0
pga,2019,2019,2019-01-13,Sony Open in Hawaii,6,"Kuchar, Matt",6169,1,4,Waialae Country Club,6,70,1,12:20pm,66,0.585,-0.434,1.4,0.632,1.598,2.183,293.7,0.714,0.889,0.5,38.556,26.279,2,2,0,7,8,3,0
pga,2019,2019,2019-01-13,Sony Open in Hawaii,6,"Putnam, Andrew",14704,2,1,Waialae Country Club,6,70,1,7:50am,62,6.871,0.533,0.154,0.08,0.768,7.639,284.4,0.643,0.722,0.857,53.777,35.615,7,1,0,9,8,1,0
pga,2019,2019,2019-01-13,Sony Open in Hawaii,6,"Putnam, Andrew",14704,2,2,Waialae Country Club,6,70,10,12:30pm,65,2.025,1.445,0.408,0.024,1.878,3.903,282.1,0.5,0.833,1.0,53.911,32.389,3,1,0,5,13,0,0
pga,2019,2019,2019-01-13,Sony Open in Hawaii,6,"Putnam, Andrew",14704,2,3,Waialae Country Club,6,70,1,1:00pm,67,1.812,-0.479,0.772,-0.784,-0.491,1.321,276.6,0.5,0.722,0.571,51.529,30.479,4,2,0,5,11,2,0
pga,2019,2019,2019-01-13,Sony Open in Hawaii,6,"Putnam, Andrew",14704,2,4,Waialae Country Club,6,70,1,12:20pm,68,0.186,1.3,-0.723,-0.58,-0.003,0.183,281.2,0.643,0.722,0.857,40.083,32.377,3,0,0,3,14,1,0
pga,2019,2019,2019-01-13,Sony Open in Hawaii,6,"Swafford, Hudson",14706,T3,1,Waialae Country Club,6,70,1,12:10pm,65,0.986,-0.166,2.836,0.982,3.653,4.639,288.5,0.786,0.833,0.6,54.401,17.696,7,3,0,7,9,2,0
pga,2019,2019,2019-01-13,Sony Open in Hawaii,6,"Swafford, Hudson",14706,T3,2,Waialae Country Club,6,70,10,7:30am,67,-2.142,1.026,2.194,0.824,4.045,1.903,290.7,0.5,0.833,0.75,51.621,18.593,6,2,0,4,13,1,0
pga,2019,2019,2019-01-13,Sony Open in Hawaii,6,"Swafford, Hudson",14706,T3,3,Waialae Country Club,6,70,1,12:40pm,67,1.27,-0.566,0.575,0.042,0.051,1.321,279.5,0.643,0.667,0.75,39.032,26.406,4,3,0,4,13,1,0
pga,2019,2019,2019-01-13,Sony Open in Hawaii,6,"Swafford, Hudson",14706,T3,4,Waialae Country Club,6,70,1,11:50am,64,1.958,1.516,0.413,0.296,2.225,4.183,286.9,0.714,0.667,1.0,29.46,26.727,4,1,0,6,12,0,0
pga,2019,2019,2019-01-13,Sony Open in Hawaii,6,"Conners, Corey",17576,T3,1,Waialae Country Club,6,70,10,1:10pm,68,-0.916,-0.506,2.458,0.602,2.555,1.639,297.3,0.643,0.778,0.4,40.657,22.017,5,1,0,4,12,2,0
pga,2019,2019,2019-01-13,Sony Open in Hawaii,6,"Conners, Corey",17576,T3,2,Waialae Country Club,6,70,1,8:30am,67,0.431,0.023,0.185,1.263,1.472,1.903,301.4,0.643,0.722,0.714,54.376,26.759,2,4,0,5,11,2,0
pga,2019,2019,2019-01-13,Sony Open in Hawaii,6,"Conners, Corey",17576,T3,3,Waialae Country Club,6,70,1,11:30am,64,2.616,0.064,2.182,-0.541,1.705,4.321,302.8,0.5,0.833,1.0,28.236,20.692,6,2,0,8,8,2,0
pga,2019,2019,2019-01-13,Sony Open in Hawaii,6,"Conners, Corey",17576,T3,4,Waialae Country Club,6,70,1,12:10pm,64,0.119,0.72,2.241,1.103,4.064,4.183,299.9,0.714,0.889,1.0,33.003,26.627,4,2,0,7,10,1,0
pga,2019,2019,2019-01-13,Sony Open in Hawaii,6,"Leishman, Marc",7649,T3,1,Waialae Country Club,6,70,1,12:30pm,67,2.234,1.424,-2.091,1.071,0.405,2.639,294.8,0.643,0.611,0.8,34.853,36.152,4,3,0,4,13,1,0
pga,2019,2019,2019-01-13,Sony Open in Hawaii,6,"Leishman, Marc",7649,T3,2,Waialae Country Club,6,70,10,7:50am,64,3.147,-0.132,2.073,-0.186,1.756,4.903,300.6,0.429,0.722,0.4,29.914,25.267,10,4,1,6,9,2,0
pga,2019,2019,2019-01-13,Sony Open in Hawaii,6,"Leishman, Marc",7649,T3,3,Waialae Country Club,6,70,1,12:50pm,68,-2.139,0.848,1.135,0.477,2.46,0.321,294.5,0.5,0.722,0.571,23.155,27.23,3,3,0,5,10,3,0
pga,2019,2019,2019-01-13,Sony Open in Hawaii,6,"Leishman, Marc",7649,T3,4,Waialae Country Club,6,70,1,11:40am,64,1.24,-0.01,2.138,0.815,2.943,4.183,301.1,0.643,0.833,1.0,46.422,20.838,5,1,0,6,12,0,0
pga,2019,2019,2019-01-13,Sony Open in Hawaii,6,"Reavie, Chez",7961,T3,1,Waialae Country Club,6,70,1,12:00pm,65,1.15,1.258,1.094,1.136,3.489,4.639,293.1,0.714,0.722,0.714,34.265,31.882,5,1,0,7,9,2,0
pga,2019,2019,2019-01-13,Sony Open in Hawaii,6,"Reavie, Chez",7961,T3,2,Waialae Country Club,6,70,10,7:20am,65,-1.744,0.3,5.366,-0.02,5.647,3.903,285.8,0.571,0.833,0.5,55.013,25.652,4,4,3,2,11,1,1
pga,2019,2019,2019-01-13,Sony Open in Hawaii,6,"Reavie, Chez",7961,T3,3,Waialae Country Club,6,70,1,1:00pm,66,-1.842,0.959,1.78,1.424,4.163,2.321,290.6,0.786,0.722,0.714,23.54,27.136,6,2,0,7,8,3,0
pga,2019,2019,2019-01-13,Sony Open in Hawaii,6,"Reavie, Chez",7961,T3,4,Waialae Country Club,6,70,1,12:10pm,67,1.491,0.132,-0.032,-0.408,-0.308,1.183,291.4,0.571,0.833,0.667,48.057,30.155,4,1,0,4,13,1,0
pga,2019,2019,2019-01-13,Sony Open in Hawaii,6,"Love III, Davis",3464,7,1,Waialae Country Club,6,70,10,12:10pm,67,-0.349,0.88,1.76,0.347,2.988,2.639,283.7,0.643,0.778,0.75,41.37,26.902,3,2,1,3,12,2,0
pga,2019,2019,2019-01-13,Sony Open in Hawaii,6,"Love III, Davis",3464,7,2,Waialae Country Club,6,70,1,7:30am,68,1.86,-0.107,0.478,-1.329,-0.957,0.903,278.6,0.429,0.667,0.857,96.327,28.715,2,1,0,4,12,2,0
pga,2019,2019,2019-01-13,Sony Open in Hawaii,6,"Love III, Davis",3464,7,3,Waialae Country Club,6,70,1,11:50am,64,2.649,1.201,1.164,-0.693,1.672,4.321,283.8,0.357,0.667,0.857,47.272,23.869,5,3,0,7,10,1,0
pga,2019,2019,2019-01-13,Sony Open in Hawaii,6,"Love III, Davis",3464,7,4,Waialae Country Club,6,70,1,12:00pm,65,-0.18,-0.055,2.064,1.354,3.363,3.183,291.8,0.929,0.778,0.75,22.682,21.222,3,1,0,6,11,1,0
pga,2019,2019,2019-01-13,Sony Open in Hawaii,6,"Stuard, Brian",13022,T8,1,Waialae Country Club,6,70,1,12:00pm,66,1.372,0.552,0.96,0.754,2.267,3.639,284.9,0.714,0.778,1.0,61.959,28.488,5,2,0,5,12,1,0
pga,2019,2019,2019-01-13,Sony Open in Hawaii,6,"Stuard, Brian",13022,T8,2,Waialae Country Club,6,70,10,7:20am,69,0.542,0.656,-2.137,0.841,-0.639,-0.097,284.2,0.857,0.667,0.625,37.977,38.295,1,1,0,3,13,2,0
pga,2019,2019,2019-01-13,Sony Open in Hawaii,6,"Stuard, Brian",13022,T8,3,Waialae Country Club,6,70,1,12:00pm,64,3.868,0.496,0.157,-0.2,0.453,4.321,283.0,0.643,0.722,1.0,97.836,27.817,6,1,0,6,12,0,0
pga,2019,2019,2019-01-13,Sony Open in Hawaii,6,"Stuard, Brian",13022,T8,4,Waialae Country Club,6,70,1,11:50am,66,0.609,0.58,1.109,-0.115,1.574,2.183,275.3,0.714,0.833,1.0,21.985,28.628,0,1,1,2,15,0,0
pga,2019,2019,2019-01-13,Sony Open in Hawaii,6,"Howell III, Charles",6892,T8,1,Waialae Country Club,6,70,1,12:40pm,69,0.169,0.125,1.221,-0.877,0.47,0.639,295.0,0.5,0.611,0.667,43.358,21.646,1,2,0,3,13,2,0
pga,2019,2019,2019-01-13,Sony Open in Hawaii,6,"Howell III, Charles",6892,T8,2,Waialae Country Club,6,70,10,8:00am,66,1.802,0.476,0.676,-0.052,1.101,2.903,285.8,0.5,0.778,0.667,55.12,27.823,4,1,0,5,12,1,0
pga,2019,2019,2019-01-13,Sony Open in Hawaii,6,"Howell III, Charles",6892,T8,3,Waialae Country Club,6,70,1,11:50am,64,1.442,0.272,1.3,1.307,2.879,4.321,301.7,0.571,0.889,1.0,32.112,27.146,4,1,0,6,12,0,0
pga,2019,2019,2019-01-13,Sony Open in Hawaii,6,"Howell III, Charles",6892,T8,4,Waialae Country Club,6,70,1,12:00pm,66,1.692,-0.379,-0.047,0.917,0.491,2.183,298.6,0.714,0.778,0.5,66.008,25.308,2,1,0,6,10,2,0
pga,2019,2019,2019-01-13,Sony Open in Hawaii,6,"Kang, Sung",7881,T10,1,Waialae Country Club,6,70,10,11:50am,70,-0.214,0.636,-0.113,-0.671,-0.147,-0.361,282.6,0.571,0.667,0.571,53.568,31.7,1,3,0,3,12,3,0
pga,2019,2019,2019-01-13,Sony Open in Hawaii,6,"Kang, Sung",7881,T10,2,Waialae Country Club,6,70,1,7:10am,67,-0.95,0.677,1.721,0.454,2.853,1.903,291.0,0.571,0.889,0.333,91.86,20.113,4,2,0,4,13,1,0
pga,2019,2019,2019-01-13,Sony Open in Hawaii,6,"Kang, Sung",7881,T10,3,Waialae Country Club,6,70,10,11:00am,65,1.604,0.631,1.425,-0.339,1.717,3.321,293.9,0.429,0.722,0.714,40.532,21.941,4,1,0,6,11,1,0
pga,2019,2019,2019-01-13,Sony Open in Hawaii,6,"Kang, Sung",7881,T10,4,Waialae Country Club,6,70,1,11:20am,64,2.76,2.354,-0.098,-0.833,1.423,4.183,292.7,0.429,0.611,1.0,59.038,25.66,5,4,1,4,13,0,0
pga,2019,2019,2019-01-13,Sony Open in Hawaii,6,"Munoz, Sebastian",20770,T10,1,Waialae Country Club,6,70,1,1:20pm,68,-0.838,3.089,-0.752,0.139,2.477,1.639,287.1,0.571,0.611,0.75,62.527,22.477,4,2,0,5,11,1,1
pga,2019,2019,2019-01-13,Sony Open in Hawaii,6,"Munoz, Sebastian",20770,T10,2,Waialae Country Club,6,70,10,8:40am,65,2.774,-0.337,0.861,0.604,1.129,3.903,286.5,0.5,0.778,0.4,33.8,30.647,5,0,1,5,10,2,0
pga,2019,2019,2019-01-13,Sony Open in Hawaii,6,"Munoz, Sebastian",20770,T10,3,Waialae Country Club,6,70,1,12:30pm,68,-0.294,0.162,-0.69,1.143,0.615,0.321,289.8,0.786,0.778,0.75,78.665,32.761,3,2,0,4,12,2,0
pga,2019,2019,2019-01-13,Sony Open in Hawaii,6,"Munoz, Sebastian",20770,T10,4,Waialae Country Club,6,70,1,11:20am,65,2.399,0.505,-0.504,0.783,0.784,3.183,295.3,0.714,0.778,1.0,51.813,28.345,3,3,0,5,13,0,0
pga,2019,2019,2019-01-13,Sony Open in Hawaii,6,"DeChambeau, Bryson",19841,T10,1,Waialae Country Club,6,70,10,8:00am,69,-2.297,0.787,0.605,1.543,2.936,0.639,289.6,0.786,0.611,0.714,39.108,28.822,5,3,0,4,11,3,0
pga,2019,2019,2019-01-13,Sony Open in Hawaii,6,"DeChambeau, Bryson",19841,T10,2,Waialae Country Club,6,70,1,12:40pm,67,-0.058,-0.643,1.426,1.177,1.961,1.903,294.9,0.571,0.833,0.4,59.646,23.076,3,4,0,6,9,3,0
pga,2019,2019,2019-01-13,Sony Open in Hawaii,6,"DeChambeau, Bryson",19841,T10,3,Waialae Country Club,6,70,10,10:50am,63,0.791,-0.514,3.9,1.144,4.53,5.321,306.1,0.571,0.778,0.75,24.25,16.459,8,4,0,8,9,1,0
pga,2019,2019,2019-01-13,Sony Open in Hawaii,6,"DeChambeau, Bryson",19841,T10,4,Waialae Country Club,6,70,1,12:10pm,67,0.107,1.213,-1.139,1.002,1.076,1.183,299.0,0.571,0.667,0.75,33.228,32.45,3,2,0,5,11,2,0
pga,2019,2019,2019-01-13,Sony Open in Hawaii,6,"Kizzire, Patton",13470,T13,1,Waialae Country Club,6,70,10,7:50am,67,0.16,0.645,1.622,0.211,2.479,2.639,283.3,0.643,0.778,1.0,57.193,28.269,2,3,0,3,15,0,0
pga,2019,2019,2019-01-13,Sony Open in Hawaii,6,"Kizzire, Patton",13470,T13,2,Waialae Country Club,6,70,1,12:30pm,68,-0.746,1.206,0.257,0.185,1.649,0.903,287.1,0.643,0.611,0.625,81.189,30.453,2,6,1,5,7,5,0
pga,2019,2019,2019-01-13,Sony Open in Hawaii,6,"Kizzire, Patton",13470,T13,3,Waialae Country Club,6,70,1,11:20am,67,1.674,0.43,-1.307,0.524,-0.353,1.321,292.7,0.571,0.611,0.667,63.691,29.101,3,3,0,4,13,1,0
pga,2019,2019,2019-01-13,Sony Open in Hawaii,6,"Kizzire, Patton",13470,T13,4,Waialae Country Club,6,70,1,11:10am,65,2.055,0.076,1.231,-0.179,1.128,3.183,285.7,0.429,0.889,0.333,55.474,27.239,3,3,0,5,13,0,0
pga,2019,2019,2019-01-13,Sony Open in Hawaii,6,"Reed, Patrick",14838,T13,1,Waialae Country Club,6,70,10,7:50am,68,1.021,-1.668,1.29,0.995,0.618,1.639,297.5,0.857,0.667,0.667,41.463,27.146,4,5,0,4,12,2,0
pga,2019,2019,2019-01-13,Sony Open in Hawaii,6,"Reed, Patrick",14838,T13,2,Waialae Country Club,6,70,1,12:30pm,66,2.052,0.099,0.418,0.333,0.851,2.903,297.5,0.429,0.722,1.0,50.949,25.629,4,3,0,4,14,0,0
pga,2019,2019,2019-01-13,Sony Open in Hawaii,6,"Reed, Patrick",14838,T13,3,Waialae Country Club,6,70,1,12:10pm,68,-0.443,2.131,-2.155,0.788,0.764,0.321,306.2,0.429,0.611,0.889,33.401,33.867,2,2,0,3,14,1,0
pga,2019,2019,2019-01-13,Sony Open in Hawaii,6,"Reed, Patrick",14838,T13,4,Waialae Country Club,6,70,1,11:00am,65,3.044,-0.657,1.366,-0.57,0.139,3.183,285.6,0.5,0.667,0.833,42.922,28.837,5,1,0,6,11,1,0
pga,2019,2019,2019-01-13,Sony Open in Hawaii,6,"Potter, Jr., Ted",8769,T13,1,Waialae Country Club,6,70,10,12:30pm,66,0.283,0.668,1.593,1.094,3.356,3.639,289.9,0.714,0.778,0.8,44.657,26.869,3,0,0,5,12,1,0
pga,2019,2019,2019-01-13,Sony Open in Hawaii,6,"Potter, Jr., Ted",8769,T13,2,Waialae Country Club,6,70,1,7:50am,65,1.547,-0.107,2.337,0.125,2.356,3.903,295.0,0.5,0.889,0.4,40.063,21.495,6,4,0,7,10,0,1
pga,2019,2019,2019-01-13,Sony Open in Hawaii,6,"Potter, Jr., Ted",8769,T13,3,Waialae Country Club,6,70,1,12:50pm,68,0.173,-0.765,1.962,-1.049,0.148,0.321,288.7,0.357,0.778,0.6,51.653,25.975,4,4,0,3,14,1,0
pga,2019,2019,2019-01-13,Sony Open in Hawaii,6,"Potter, Jr., Ted",8769,T13,4,Waialae Country Club,6,70,1,11:50am,68,-2.714,0.089,2.337,0.471,2.897,0.183,297.0,0.571,0.833,0.5,34.207,27.049,6,6,0,6,10,1,1
pga,2019,2019,2019-01-13,Sony Open in Hawaii,6,"Thomas, Justin",14139,T16,1,Waialae Country Club,6,70,1,12:40pm,67,-1.478,1.42,1.621,1.075,4.117,2.639,305.9,0.571,0.889,0.333,43.797,22.397,7,3,2,3,9,4,0
pga,2019,2019,2019-01-13,Sony Open in Hawaii,6,"Thomas, Justin",14139,T16,2,Waialae Country Club,6,70,10,8:00am,68,0.547,-1.084,0.716,0.723,0.356,0.903,298.6,0.5,0.611,0.667,30.533,28.367,5,4,0,5,10,3,0
pga,2019,2019,2019-01-13,Sony Open in Hawaii,6,"Thomas, Justin",14139,T16,3,Waialae Country Club,6,70,1,11:40am,67,0.318,0.555,0.96,-0.512,1.003,1.321,296.8,0.429,0.722,0.667,25.258,27.828,4,4,0,5,11,2,0
pga,2019,2019,2019-01-13,Sony Open in Hawaii,6,"Thomas, Justin",14139,T16,4,Waialae Country Club,6,70,1,11:10am,66,0.867,-0.032,2.411,-1.063,1.316,2.183,291.4,0.429,0.833,0.333,31.416,25.14,4,2,0,6,10,2,0
pga,2019,2019,2019-01-13,Sony Open in Hawaii,6,"Mitchell, Keith",17365,T16,1,Waialae Country Club,6,70,1,11:50am,68,-0.363,0.747,0.673,0.581,2.002,1.639,296.2,0.5,0.722,0.571,35.955,31.417,5,3,0,5,10,3,0
pga,2019,2019,2019-01-13,Sony Open in Hawaii,6,"Mitchell, Keith",17365,T16,2,Waialae Country Club,6,70,10,7:10am,65,-1.847,0.718,4.496,0.535,5.75,3.903,288.8,0.429,0.833,0.8,50.717,16.162,7,4,2,2,13,1,0
pga,2019,2019,2019-01-13,Sony Open in Hawaii,6,"Mitchell, Keith",17365,T16,3,Waialae Country Club,6,70,1,12:40pm,63,1.268,1.667,1.345,1.041,4.053,5.321,305.1,0.571,0.833,1.0,51.001,19.422,5,0,0,7,11,0,0
pga,2019,2019,2019-01-13,Sony Open in Hawaii,6,"Mitchell, Keith",17365,T16,4,Waialae Country Club,6,70,1,12:20pm,72,-1.948,-0.076,-2.204,0.411,-1.869,-3.817,297.3,0.5,0.611,0.5,72.523,38.507,3,3,0,2,12,4,0
pga,2019,2019,2019-01-13,Sony Open in Hawaii,6,"Im, Sungjae",17488,T16,1,Waialae Country Club,6,70,1,12:50pm,71,-2.939,0.2,-0.435,1.812,1.578,-1.361,301.8,0.786,0.889,0.25,71.321,27.834,3,6,0,3,11,4,0
pga,2019,2019,2019-01-13,Sony Open in Hawaii,6,"Im, Sungjae",17488,T16,2,Waialae Country Club,6,70,10,8:10am,64,3.728,0.25,-0.553,1.477,1.175,4.903,298.3,0.643,0.889,1.0,35.375,31.531,5,1,0,6,12,0,0
pga,2019,2019,2019-01-13,Sony Open in Hawaii,6,"Im, Sungjae",17488,T16,3,Waialae Country Club,6,70,1,11:40am,65,1.906,-0.498,1.107,0.806,1.415,3.321,306.8,0.429,0.667,0.571,51.711,17.819,6,1,1,6,8,3,0
pga,2019,2019,2019-01-13,Sony Open in Hawaii,6,"Im, Sungjae",17488,T16,4,Waialae Country Club,6,70,1,11:40am,68,0.065,-0.058,-0.341,0.517,0.118,0.183,300.6,0.643,0.722,0.5,80.623,27.773,4,0,0,5,10,3,0
pga,2019,2019,2019-01-13,Sony Open in Hawaii,6,"Snedeker, Brandt",8820,T16,1,Waialae Country Club,6,70,10,7:40am,66,1.575,0.604,1.253,0.206,2.064,3.639,284.0,0.643,0.778,0.8,24.533,34.929,2,1,0,5,12,1,0
pga,2019,2019,2019-01-13,Sony Open in Hawaii,6,"Snedeker, Brandt",8820,T16,2,Waialae Country Club,6,70,1,12:20pm,69,0.114,0.654,0.484,-1.35,-0.211,-0.097,276.6,0.357,0.667,0.75,73.501,27.842,2,0,0,3,13,2,0
pga,2019,2019,2019-01-13,Sony Open in Hawaii,6,"Snedeker, Brandt",8820,T16,3,Waialae Country Club,6,70,1,11:20am,65,2.462,0.532,0.627,-0.3,0.859,3.321,291.3,0.429,0.778,1.0,41.595,25.534,3,0,0,5,13,0,0
pga,2019,2019,2019-01-13,Sony Open in Hawaii,6,"Snedeker, Brandt",8820,T16,4,Waialae Country Club,6,70,1,11:40am,68,2.414,-0.994,1.338,-2.575,-2.231,0.183,279.8,0.5,0.5,0.818,63.708,23.398,4,2,0,6,9,2,1
pga,2019,2019,2019-01-13,Sony Open in Hawaii,6,"Poston, J.T.",21554,T20,1,Waialae Country Club,6,70,10,7:10am,68,2.207,-0.289,-0.523,0.243,-0.568,1.639,285.2,0.571,0.611,0.625,31.42,31.706,5,3,0,5,11,1,1
pga,2019,2019,2019-01-13,Sony Open in Hawaii,6,"Poston, J.T.",21554,T20,2,Waialae Country Club,6,70,1,11:50am,66,1.544,0.173,-0.081,1.266,1.359,2.903,295.8,0.714,0.667,0.5,52.495,29.674,4,1,0,6,10,2,0
pga,2019,2019,2019-01-13,Sony Open in Hawaii,6,"Poston, J.T.",21554,T20,3,Waialae Country Club,6,70,1,12:10pm,69,-0.747,-0.231,1.079,-0.78,0.068,-0.679,285.4,0.5,0.556,0.778,50.694,20.677,1,2,0,2,15,1,0
pga,2019,2019,2019-01-13,Sony Open in Hawaii,6,"Poston, J.T.",21554,T20,4,Waialae Country Club,6,70,1,10:30am,66,0.855,2.601,-0.832,-0.441,1.328,2.183,283.1,0.571,0.667,1.0,58.275,26.057,2,0,1,2,15,0,0
pga,2019,2019,2019-01-13,Sony Open in Hawaii,6,"Cink, Stewart",5665,T20,1,Waialae Country Club,6,70,10,12:20pm,68,-0.337,0.988,0.192,0.795,1.976,1.639,296.3,0.571,0.722,1.0,44.34,26.071,4,0,0,2,16,0,0
pga,2019,2019,2019-01-13,Sony Open in Hawaii,6,"Cink, Stewart",5665,T20,2,Waialae Country Club,6,70,1,7:40am,62,2.89,2.604,-0.079,1.487,4.013,6.903,303.1,0.643,0.778,0.6,17.126,30.301,11,3,0,9,8,1,0
pga,2019,2019,2019-01-13,Sony Open in Hawaii,6,"Cink, Stewart",5665,T20,3,Waialae Country Club,6,70,1,12:50pm,70,-0.172,0.166,-1.229,-0.444,-1.507,-1.679,295.3,0.357,0.667,0.667,56.385,32.584,2,6,0,3,12,3,0
pga,2019,2019,2019-01-13,Sony Open in Hawaii,6,"Cink, Stewart",5665,T20,4,Waialae Country Club,6,70,1,11:30am,69,-0.147,1.321,-2.057,0.066,-0.67,-0.817,296.0,0.357,0.5,0.6,54.544,38.613,4,3,1,2,12,3,0
pga,2019,2019,2019-01-13,Sony Open in Hawaii,6,"Gay, Brian",5951,T22,1,Waialae Country Club,6,70,10,11:40am,67,1.259,0.315,0.523,0.541,1.38,2.639,287.2,0.714,0.889,0.667,47.83,32.651,3,3,0,5,11,2,0
pga,2019,2019,2019-01-13,Sony Open in Hawaii,6,"Gay, Brian",5951,T22,2,Waialae Country Club,6,70,1,7:00am,69,1.698,-0.128,-2.015,0.347,-1.795,-0.097,289.2,0.5,0.722,0.429,31.767,39.999,4,4,0,4,11,3,0
pga,2019,2019,2019-01-13,Sony Open in Hawaii,6,"Gay, Brian",5951,T22,3,Waialae Country Club,6,70,1,11:10am,68,3.385,-0.224,-2.151,-0.689,-3.064,0.321,296.7,0.286,0.556,0.7,44.178,37.953,2,5,0,6,8,4,0
pga,2019,2019,2019-01-13,Sony Open in Hawaii,6,"Gay, Brian",5951,T22,4,Waialae Country Club,6,70,10,10:40am,66,4.547,-0.313,-2.163,0.112,-2.364,2.183,291.2,0.643,0.556,0.818,61.247,36.162,7,4,0,6,10,2,0
pga,2019,2019,2019-01-13,Sony Open in Hawaii,6,"English, Harris",14577,T22,1,Waialae Country Club,6,70,10,7:00am,68,2.793,0.31,0.911,-2.376,-1.154,1.639,272.3,0.214,0.611,0.667,39.812,33.875,3,4,1,3,11,3,0
pga,2019,2019,2019-01-13,Sony Open in Hawaii,6,"English, Harris",14577,T22,2,Waialae Country Club,6,70,1,11:40am,68,0.731,1.607,-0.183,-1.253,0.172,0.903,293.5,0.5,0.611,0.714,35.483,31.806,4,1,1,4,9,4,0
pga,2019,2019,2019-01-13,Sony Open in Hawaii,6,"English, Harris",14577,T22,3,Waialae Country Club,6,70,1,10:50am,67,0.025,1.623,0.059,-0.386,1.296,1.321,287.1,0.5,0.778,0.833,45.711,27.801,1,1,0,4,13,1,0
pga,2019,2019,2019-01-13,Sony Open in Hawaii,6,"English, Harris",14577,T22,4,Waialae Country Club,6,70,1,11:00am,67,-0.073,0.267,0.068,0.921,1.256,1.183,294.4,0.786,0.833,0.333,52.143,31.668,4,2,1,3,12,2,0
pga,2019,2019,2019-01-13,Sony Open in Hawaii,6,"Grillo, Emiliano",12808,T22,1,Waialae Country Club,6,70,10,12:40pm,70,-3.282,0.314,2.568,0.038,2.921,-0.361,286.7,0.571,0.778,0.6,33.862,23.713,3,4,0,4,10,4,0
pga,2019,2019,2019-01-13,Sony Open in Hawaii,6,"Grillo, Emiliano",12808,T22,2,Waialae Country Club,6,70,1,8:00am,68,0.288,-0.05,1.068,-0.404,0.615,0.903,292.0,0.5,0.778,0.667,29.288,29.345,3,2,0,4,12,2,0
pga,2019,2019,2019-01-13,Sony Open in Hawaii,6,"Grillo, Emiliano",12808,T22,3,Waialae Country Club,6,70,10,12:20pm,63,2.384,0.507,1.489,0.941,2.937,5.321,288.7,0.786,0.833,0.5,33.893,24.775,5,2,0,9,7,2,0
pga,2019,2019,2019-01-13,Sony Open in Hawaii,6,"Grillo, Emiliano",12808,T22,4,Waialae Country Club,6,70,1,11:20am,69,-0.695,-0.738,0.263,0.353,-0.122,-0.817,287.4,0.571,0.722,0.5,86.961,21.18,3,4,0,3,13,2,0
pga,2019,2019,2019-01-13,Sony Open in Hawaii,6,"Stanley, Kyle",12069,T22,1,Waialae Country Club,6,70,10,7:30am,73,0.042,-1.273,-1.856,-0.275,-3.403,-3.361,289.2,0.5,0.556,0.75,106.66,27.273,2,4,0,0,16,1,1
pga,2019,2019,2019-01-13,Sony Open in Hawaii,6,"Stanley, Kyle",12069,T22,2,Waialae Country Club,6,70,1,12:10pm,64,1.099,0.54,1.994,1.269,3.804,4.903,298.9,0.714,0.833,0.75,44.163,20.916,6,1,1,4,13,0,0
pga,2019,2019,2019-01-13,Sony Open in Hawaii,6,"Stanley, Kyle",12069,T22,3,Waialae Country Club,6,70,10,11:30am,68,-1.716,1.416,0.243,0.378,2.037,0.321,290.1,0.5,0.778,0.5,48.177,25.049,4,4,0,5,10,3,0
pga,2019,2019,2019-01-13,Sony Open in Hawaii,6,"Stanley, Kyle",12069,T22,4,Waialae Country Club,6,70,10,11:10am,65,2.353,0.115,1.049,-0.334,0.83,3.183,286.0,0.571,0.722,0.8,85.933,23.14,2,0,0,7,9,2,0
pga,2019,2019,2019-01-13,Sony Open in Hawaii,6,"Armour, Ryan",8469,T22,1,Waialae Country Club,6,70,1,7:30am,72,-1.17,1.284,-1.409,-1.067,-1.191,-2.361,277.4,0.571,0.556,0.75,62.711,36.941,2,4,0,2,12,4,0
pga,2019,2019,2019-01-13,Sony Open in Hawaii,6,"Armour, Ryan",8469,T22,2,Waialae Country Club,6,70,10,12:10pm,64,4.882,0.408,0.361,-0.749,0.021,4.903,281.8,0.643,0.778,0.75,23.431,32.781,7,2,0,8,9,0,1
pga,2019,2019,2019-01-13,Sony Open in Hawaii,6,"Armour, Ryan",8469,T22,3,Waialae Country Club,6,70,10,10:50am,68,-0.774,0.414,0.704,-0.023,1.095,0.321,286.4,0.643,0.778,0.833,50.968,26.675,4,4,0,4,12,2,0
pga,2019,2019,2019-01-13,Sony Open in Hawaii,6,"Armour, Ryan",8469,T22,4,Waialae Country Club,6,70,10,10:40am,66,1.516,-0.188,1.109,-0.254,0.667,2.183,283.9,0.571,0.833,0.75,88.739,24.84,4,2,0,4,14,0,0
pga,2019,2019,2019-01-13,Sony Open in Hawaii,6,"Dahmen, Joel",14509,T22,1,Waialae Country Club,6,70,10,7:20am,67,1.692,-0.468,-0.239,1.653,0.947,2.639,297.1,0.857,0.667,0.429,75.866,28.662,6,3,0,7,7,4,0
pga,2019,2019,2019-01-13,Sony Open in Hawaii,6,"Dahmen, Joel",14509,T22,2,Waialae Country Club,6,70,1,12:00pm,70,-0.941,0.007,0.067,-0.231,-0.156,-1.097,286.7,0.429,0.667,0.75,47.745,25.881,1,3,0,2,14,2,0
pga,2019,2019,2019-01-13,Sony Open in Hawaii,6,"Dahmen, Joel",14509,T22,3,Waialae Country Club,6,70,10,11:30am,66,0.493,-0.073,1.658,0.243,1.828,2.321,285.3,0.357,0.722,0.667,43.448,25.622,4,1,0,6,10,2,0
pga,2019,2019,2019-01-13,Sony Open in Hawaii,6,"Dahmen, Joel",14509,T22,4,Waialae Country Club,6,70,1,10:40am,67,-0.875,0.079,0.802,1.177,2.058,1.183,291.9,0.786,0.778,0.667,31.395,27.77,1,3,0,6,9,3,0
pga,2019,2019,2019-01-13,Sony Open in Hawaii,6,"Smith, Cameron",15856,T22,1,Waialae Country Club,6,70,10,12:40pm,66,0.114,-0.315,3.307,0.532,3.525,3.639,294.6,0.643,0.778,0.667,47.309,15.82,4,1,0,6,10,2,0
pga,2019,2019,2019-01-13,Sony Open in Hawaii,6,"Smith, Cameron",15856,T22,2,Waialae Country Club,6,70,1,8:00am,68,-1.404,0.546,0.473,1.287,2.307,0.903,293.1,0.643,0.667,0.5,41.09,29.216,5,6,0,7,7,3,1
pga,2019,2019,2019-01-13,Sony Open in Hawaii,6,"Smith, Cameron",15856,T22,3,Waialae Country Club,6,70,1,12:20pm,69,0.293,-0.512,-0.497,0.037,-0.972,-0.679,282.6,0.571,0.722,0.5,60.452,24.969,3,2,0,4,11,3,0
pga,2019,2019,2019-01-13,Sony Open in Hawaii,6,"Smith, Cameron",15856,T22,4,Waialae Country Club,6,70,1,10:30am,67,0.694,0.691,0.622,-0.824,0.489,1.183,284.0,0.5,0.889,0.75,33.035,31.604,1,0,0,4,13,1,0
pga,2019,2019,2019-01-13,Sony Open in Hawaii,6,"Jones, Matt",8605,T29,1,Waialae Country Club,6,70,1,7:00am,67,-0.929,1.456,1.164,0.947,3.568,2.639,294.5,0.714,0.667,0.571,43.41,25.385,4,6,0,5,11,2,0
pga,2019,2019,2019-01-13,Sony Open in Hawaii,6,"Jones, Matt",8605,T29,2,Waialae Country Club,6,70,10,11:40am,69,-0.133,0.672,-1.138,0.501,0.036,-0.097,296.2,0.357,0.611,0.6,56.541,31.951,4,2,0,3,13,2,0
pga,2019,2019,2019-01-13,Sony Open in Hawaii,6,"Jones, Matt",8605,T29,3,Waialae Country Club,6,70,1,10:50am,67,2.695,0.386,-0.013,-1.747,-1.374,1.321,286.3,0.357,0.556,0.875,43.007,33.879,5,5,0,6,9,3,0
pga,2019,2019,2019-01-13,Sony Open in Hawaii,6,"Jones, Matt",8605,T29,4,Waialae Country Club,6,70,1,10:50am,68,1.57,0.763,-2.407,0.257,-1.387,0.183,283.6,0.714,0.611,0.875,49.417,29.623,3,3,0,4,12,2,0
pga,2019,2019,2019-01-13,Sony Open in Hawaii,6,"Ortiz, Carlos",14735,T29,1,Waialae Country Club,6,70,1,8:50am,68,1.729,-0.725,0.402,0.232,-0.09,1.639,285.2,0.643,0.611,0.625,33.676,40.35,3,3,1,3,11,3,0
pga,2019,2019,2019-01-13,Sony Open in Hawaii,6,"Ortiz, Carlos",14735,T29,2,Waialae Country Club,6,70,10,1:30pm,69,3.132,-2.422,-1.064,0.256,-3.229,-0.097,286.7,0.5,0.778,0.667,58.681,35.976,3,4,0,4,12,1,1
pga,2019,2019,2019-01-13,Sony Open in Hawaii,6,"Ortiz, Carlos",14735,T29,3,Waialae Country Club,6,70,10,12:00pm,70,-1.412,-0.302,0.168,-0.133,-0.267,-1.679,288.5,0.714,0.667,0.571,90.101,23.874,2,5,0,2,14,2,0
pga,2019,2019,2019-01-13,Sony Open in Hawaii,6,"Ortiz, Carlos",14735,T29,4,Waialae Country Club,6,70,10,12:00pm,64,-0.152,1.244,2.396,0.695,4.335,4.183,302.6,0.643,0.833,0.75,50.112,22.837,4,1,0,7,10,1,0
pga,2019,2019,2019-01-13,Sony Open in Hawaii,6,"Ancer, Abraham",18238,T29,1,Waialae Country Club,6,70,1,7:10am,68,0.041,-0.139,0.493,1.243,1.598,1.639,289.7,0.714,0.778,0.833,19.733,28.171,3,3,0,2,16,0,0
pga,2019,2019,2019-01-13,Sony Open in Hawaii,6,"Ancer, Abraham",18238,T29,2,Waialae Country Club,6,70,10,11:50am,66,0.677,-0.058,0.159,2.124,2.226,2.903,297.5,0.929,0.667,0.833,30.968,23.95,3,3,0,5,12,1,0
pga,2019,2019,2019-01-13,Sony Open in Hawaii,6,"Ancer, Abraham",18238,T29,3,Waialae Country Club,6,70,1,12:10pm,68,-0.876,-0.094,-0.74,2.031,1.197,0.321,300.6,0.857,0.778,0.667,,24.409,2,3,0,4,12,2,0
pga,2019,2019,2019-01-13,Sony Open in Hawaii,6,"Ancer, Abraham",18238,T29,4,Waialae Country Club,6,70,1,11:10am,69,-1.517,-0.383,0.824,0.259,0.7,-0.817,295.3,0.714,0.778,0.75,46.521,22.534,0,3,0,4,11,3,0
pga,2019,2019,2019-01-13,Sony Open in Hawaii,6,"Bradley, Keegan",13872,T29,1,Waialae Country Club,6,70,10,12:30pm,68,-1.723,0.766,1.523,1.072,3.362,1.639,283.7,0.643,0.778,0.6,31.714,25.184,4,1,0,4,12,2,0
pga,2019,2019,2019-01-13,Sony Open in Hawaii,6,"Bradley, Keegan",13872,T29,2,Waialae Country Club,6,70,1,7:50am,65,-0.397,1.397,1.81,1.092,4.3,3.903,289.1,0.786,0.833,1.0,17.772,26.611,5,3,0,6,11,1,0
pga,2019,2019,2019-01-13,Sony Open in Hawaii,6,"Bradley, Keegan",13872,T29,3,Waialae Country Club,6,70,1,12:30pm,70,1.108,0.299,-2.381,-0.705,-2.787,-1.679,290.5,0.429,0.722,0.667,100.723,30.936,3,5,0,3,13,1,1
pga,2019,2019,2019-01-13,Sony Open in Hawaii,6,"Bradley, Keegan",13872,T29,4,Waialae Country Club,6,70,10,10:30am,68,-2.224,-0.903,2.191,1.119,2.407,0.183,297.6,0.714,0.889,0.25,9.283,27.154,6,4,0,4,12,2,0
pga,2019,2019,2019-01-13,Sony Open in Hawaii,6,"Imahira, Shugo",13485,T33,1,Waialae Country Club,6,70,1,1:10pm,65,-0.265,0.472,3.413,1.018,4.904,4.639,298.9,0.643,0.833,0.667,37.832,23.16,7,1,0,7,9,2,0
pga,2019,2019,2019-01-13,Sony Open in Hawaii,6,"Imahira, Shugo",13485,T33,2,Waialae Country Club,6,70,10,8:30am,67,-0.632,1.465,1.423,-0.354,2.535,1.903,284.5,0.5,0.833,0.8,31.004,29.201,3,3,1,2,14,1,0
pga,2019,2019,2019-01-13,Sony Open in Hawaii,6,"Imahira, Shugo",13485,T33,3,Waialae Country Club,6,70,1,12:40pm,71,-0.801,0.358,-1.129,-1.107,-1.878,-2.679,281.5,0.571,0.556,0.778,28.044,29.123,1,4,0,3,11,4,0
pga,2019,2019,2019-01-13,Sony Open in Hawaii,6,"Imahira, Shugo",13485,T33,4,Waialae Country Club,6,70,10,10:30am,69,3.057,-0.164,-3.296,-0.414,-3.874,-0.817,282.8,0.5,0.611,0.5,68.825,26.171,4,2,0,6,8,3,1
pga,2019,2019,2019-01-13,Sony Open in Hawaii,6,"Yang, Y.E.",6629,T33,1,Waialae Country Club,6,70,10,11:40am,68,0.517,0.275,0.342,0.504,1.122,1.639,285.9,0.714,0.778,0.75,29.362,25.816,4,0,0,3,14,1,0
pga,2019,2019,2019-01-13,Sony Open in Hawaii,6,"Yang, Y.E.",6629,T33,2,Waialae Country Club,6,70,1,7:00am,68,1.621,-1.398,0.553,0.126,-0.718,0.903,271.4,0.714,0.611,0.625,35.507,28.025,5,3,1,3,11,3,0
pga,2019,2019,2019-01-13,Sony Open in Hawaii,6,"Yang, Y.E.",6629,T33,3,Waialae Country Club,6,70,1,11:10am,70,-2.371,0.828,-0.487,0.351,0.692,-1.679,290.9,0.5,0.778,0.833,62.39,27.836,1,6,0,3,12,3,0
pga,2019,2019,2019-01-13,Sony Open in Hawaii,6,"Yang, Y.E.",6629,T33,4,Waialae Country Club,6,70,10,11:40am,66,0.595,0.0,0.146,1.442,1.588,2.183,296.0,0.857,0.722,0.857,23.026,26.809,5,1,0,5,12,1,0
pga,2019,2019,2019-01-13,Sony Open in Hawaii,6,"Saunders, Sam",11048,T33,1,Waialae Country Club,6,70,1,7:10am,68,0.166,0.922,-0.538,1.088,1.473,1.639,299.3,0.571,0.722,0.667,44.471,45.574,3,2,0,4,12,2,0
pga,2019,2019,2019-01-13,Sony Open in Hawaii,6,"Saunders, Sam",11048,T33,2,Waialae Country Club,6,70,10,11:50am,69,1.138,-0.128,-1.656,0.548,-1.235,-0.097,299.8,0.357,0.611,0.5,61.967,24.301,5,5,0,5,9,4,0
pga,2019,2019,2019-01-13,Sony Open in Hawaii,6,"Saunders, Sam",11048,T33,3,Waialae Country Club,6,70,10,11:30am,68,-1.276,0.708,-0.048,0.937,1.597,0.321,310.7,0.643,0.667,0.667,53.157,24.203,5,6,1,3,11,3,0
pga,2019,2019,2019-01-13,Sony Open in Hawaii,6,"Saunders, Sam",11048,T33,4,Waialae Country Club,6,70,10,11:10am,67,1.214,0.392,-0.512,0.089,-0.031,1.183,303.6,0.643,0.611,0.75,62.722,27.611,6,4,1,4,10,3,0
pga,2019,2019,2019-01-13,Sony Open in Hawaii,6,"Garnett, Brice",11451,T33,1,Waialae Country Club,6,70,1,7:30am,70,-0.111,2.38,-1.846,-0.785,-0.25,-0.361,275.8,0.5,0.556,0.667,50.43,42.247,1,4,0,3,12,3,0
pga,2019,2019,2019-01-13,Sony Open in Hawaii,6,"Garnett, Brice",11451,T33,2,Waialae Country Club,6,70,10,12:10pm,68,-0.646,0.153,1.159,0.236,1.549,0.903,300.2,0.5,0.889,1.0,103.362,22.243,2,3,0,3,14,1,0
pga,2019,2019,2019-01-13,Sony Open in Hawaii,6,"Garnett, Brice",11451,T33,3,Waialae Country Club,6,70,10,12:40pm,68,-0.748,-0.794,0.688,1.175,1.069,0.321,289.0,0.571,0.778,0.4,5.752,34.034,2,1,0,4,12,2,0
pga,2019,2019,2019-01-13,Sony Open in Hawaii,6,"Garnett, Brice",11451,T33,4,Waialae Country Club,6,70,10,11:50am,66,-1.416,0.975,2.704,-0.08,3.599,2.183,300.2,0.571,0.778,0.8,52.162,20.466,4,3,0,7,8,3,0
pga,2019,2019,2019-01-13,Sony Open in Hawaii,6,"Poulter, Ian",1435,T33,1,Waialae Country Club,6,70,1,12:30pm,69,-2.918,3.232,-0.788,1.112,3.557,0.639,291.0,0.786,0.667,0.571,54.956,33.281,4,6,0,7,5,6,0
pga,2019,2019,2019-01-13,Sony Open in Hawaii,6,"Poulter, Ian",1435,T33,2,Waialae Country Club,6,70,10,7:50am,69,-0.282,0.114,-0.132,0.202,0.185,-0.097,286.1,0.643,0.833,0.6,43.283,28.623,1,4,0,3,13,2,0
pga,2019,2019,2019-01-13,Sony Open in Hawaii,6,"Poulter, Ian",1435,T33,3,Waialae Country Club,6,70,10,12:20pm,66,1.839,1.086,-0.316,-0.288,0.482,2.321,287.4,0.5,0.778,0.667,77.109,32.056,4,3,0,6,10,2,0
pga,2019,2019,2019-01-13,Sony Open in Hawaii,6,"Poulter, Ian",1435,T33,4,Waialae Country Club,6,70,10,11:00am,68,-0.353,-0.011,0.111,0.436,0.536,0.183,289.4,0.643,0.667,0.667,36.373,29.246,2,2,0,4,12,2,0
pga,2019,2019,2019-01-13,Sony Open in Hawaii,6,"Sloan, Roger",14050,T33,1,Waialae Country Club,6,70,1,8:30am,69,0.215,0.809,-0.458,0.072,0.424,0.639,288.0,0.571,0.556,0.875,66.329,29.559,1,0,0,2,15,1,0
pga,2019,2019,2019-01-13,Sony Open in Hawaii,6,"Sloan, Roger",14050,T33,2,Waialae Country Club,6,70,10,1:10pm,65,0.761,1.352,2.266,-0.477,3.142,3.903,288.7,0.429,0.833,0.8,35.008,25.062,6,2,0,5,13,0,0
pga,2019,2019,2019-01-13,Sony Open in Hawaii,6,"Sloan, Roger",14050,T33,3,Waialae Country Club,6,70,1,12:00pm,66,0.101,0.053,1.073,1.094,2.22,2.321,292.6,0.786,0.833,1.0,29.699,22.307,7,5,0,6,10,2,0
pga,2019,2019,2019-01-13,Sony Open in Hawaii,6,"Sloan, Roger",14050,T33,4,Waialae Country Club,6,70,1,11:30am,72,-2.468,0.555,-0.404,-1.5,-1.349,-3.817,283.3,0.5,0.667,0.5,61.751,36.172,1,5,0,1,14,3,0
pga,2019,2019,2019-01-13,Sony Open in Hawaii,6,"Brown, Scott",11330,T33,1,Waialae Country Club,6,70,1,11:50am,68,1.314,-0.191,0.296,0.219,0.325,1.639,283.7,0.571,0.667,0.375,52.016,26.058,7,2,1,5,8,3,1
pga,2019,2019,2019-01-13,Sony Open in Hawaii,6,"Brown, Scott",11330,T33,2,Waialae Country Club,6,70,10,7:10am,66,0.83,1.784,0.403,-0.115,2.073,2.903,287.7,0.429,0.667,1.0,39.377,26.535,3,0,0,4,14,0,0
pga,2019,2019,2019-01-13,Sony Open in Hawaii,6,"Brown, Scott",11330,T33,3,Waialae Country Club,6,70,1,12:20pm,70,-2.702,1.339,-0.745,0.429,1.023,-1.679,289.0,0.643,0.667,0.571,76.928,23.854,4,4,0,4,10,4,0
pga,2019,2019,2019-01-13,Sony Open in Hawaii,6,"Brown, Scott",11330,T33,4,Waialae Country Club,6,70,10,11:00am,68,0.291,0.089,-0.266,0.069,-0.108,0.183,284.2,0.714,0.722,0.667,83.897,26.428,4,4,0,4,12,2,0
pga,2019,2019,2019-01-13,Sony Open in Hawaii,6,"Piercy, Scott",7899,T33,1,Waialae Country Club,6,70,1,7:50am,71,-0.88,0.344,1.593,-2.419,-0.481,-1.361,281.2,0.5,0.667,0.8,37.571,29.737,1,4,0,1,15,2,0
pga,2019,2019,2019-01-13,Sony Open in Hawaii,6,"Piercy, Scott",7899,T33,2,Waialae Country Club,6,70,10,12:30pm,66,-0.522,0.005,1.806,1.613,3.425,2.903,295.7,0.786,0.944,1.0,60.257,23.457,3,2,1,4,11,2,0
pga,2019,2019,2019-01-13,Sony Open in Hawaii,6,"Piercy, Scott",7899,T33,3,Waialae Country Club,6,70,10,11:40am,66,-0.872,-0.188,1.929,1.452,3.193,2.321,298.9,0.786,0.722,0.75,3.182,24.389,4,2,1,3,13,1,0
pga,2019,2019,2019-01-13,Sony Open in Hawaii,6,"Piercy, Scott",7899,T33,4,Waialae Country Club,6,70,1,10:40am,69,-0.106,0.053,1.053,-1.817,-0.711,-0.817,291.0,0.643,0.667,0.8,38.664,28.068,3,4,1,2,12,3,0
pga,2019,2019,2019-01-13,Sony Open in Hawaii,6,"Bozzelli, Dominic",17564,T33,1,Waialae Country Club,6,70,1,11:40am,71,1.569,-1.697,-1.123,-0.111,-2.93,-1.361,290.0,0.357,0.556,0.556,44.645,31.817,4,1,0,3,11,4,0
pga,2019,2019,2019-01-13,Sony Open in Hawaii,6,"Bozzelli, Dominic",17564,T33,2,Waialae Country Club,6,70,10,7:00am,64,2.749,-0.206,1.813,0.546,2.154,4.903,291.1,0.571,0.833,0.75,29.435,21.646,6,1,0,6,12,0,0
pga,2019,2019,2019-01-13,Sony Open in Hawaii,6,"Bozzelli, Dominic",17564,T33,3,Waialae Country Club,6,70,1,12:00pm,64,1.932,3.962,-0.151,-1.422,2.389,4.321,275.8,0.429,0.667,0.875,48.44,25.704,5,2,0,7,10,1,0
pga,2019,2019,2019-01-13,Sony Open in Hawaii,6,"Bozzelli, Dominic",17564,T33,4,Waialae Country Club,6,70,1,12:00pm,73,-2.79,0.13,-0.992,-1.165,-2.027,-4.817,284.1,0.357,0.611,0.5,89.163,23.3,0,7,0,4,8,5,1
pga,2019,2019,2019-01-13,Sony Open in Hawaii,6,"Sabbatini, Rory",6283,T33,1,Waialae Country Club,6,70,1,8:20am,68,-1.492,0.67,1.837,0.623,3.131,1.639,290.8,0.571,0.833,0.5,40.184,25.111,2,1,1,1,15,1,0
pga,2019,2019,2019-01-13,Sony Open in Hawaii,6,"Sabbatini, Rory",6283,T33,2,Waialae Country Club,6,70,10,1:00pm,67,0.579,-0.003,0.551,0.775,1.324,1.903,291.1,0.571,0.5,0.6,69.224,22.184,5,3,0,6,9,3,0
pga,2019,2019,2019-01-13,Sony Open in Hawaii,6,"Sabbatini, Rory",6283,T33,3,Waialae Country Club,6,70,1,11:10am,68,-0.732,-1.089,1.519,0.623,1.053,0.321,296.8,0.571,0.833,0.333,39.95,24.702,3,4,0,6,9,2,1
pga,2019,2019,2019-01-13,Sony Open in Hawaii,6,"Sabbatini, Rory",6283,T33,4,Waialae Country Club,6,70,1,10:50am,69,-2.25,1.062,0.696,-0.325,1.433,-0.817,293.2,0.429,0.778,0.5,49.523,24.842,3,4,0,4,11,3,0
pga,2019,2019,2019-01-13,Sony Open in Hawaii,6,"Lahiri, Anirban",12669,T43,1,Waialae Country Club,6,70,10,12:50pm,68,2.321,0.86,-1.791,0.248,-0.682,1.639,295.3,0.5,0.389,0.692,55.694,31.648,4,2,0,5,10,3,0
pga,2019,2019,2019-01-13,Sony Open in Hawaii,6,"Lahiri, Anirban",12669,T43,2,Waialae Country Club,6,70,1,8:10am,68,0.144,-0.246,0.259,0.745,0.759,0.903,285.6,0.786,0.833,0.75,115.836,25.114,3,4,0,3,14,1,0
pga,2019,2019,2019-01-13,Sony Open in Hawaii,6,"Lahiri, Anirban",12669,T43,3,Waialae Country Club,6,70,1,11:00am,71,-0.51,-1.029,-0.357,-0.783,-2.169,-2.679,276.3,0.5,0.778,0.6,56.41,31.846,2,2,0,1,15,2,0
pga,2019,2019,2019-01-13,Sony Open in Hawaii,6,"Lahiri, Anirban",12669,T43,4,Waialae Country Club,6,70,10,11:50am,66,1.656,0.016,-0.417,0.928,0.527,2.183,292.7,0.643,0.722,0.857,46.394,29.492,2,3,0,6,11,0,1
pga,2019,2019,2019-01-13,Sony Open in Hawaii,6,"Etulain, Julian",11911,T43,1,Waialae Country Club,6,70,10,1:10pm,67,1.83,1.516,-0.873,0.165,0.809,2.639,294.6,0.429,0.611,0.667,73.829,26.057,6,2,0,5,11,2,0
pga,2019,2019,2019-01-13,Sony Open in Hawaii,6,"Etulain, Julian",11911,T43,2,Waialae Country Club,6,70,1,8:30am,67,-0.274,1.635,0.598,-0.057,2.177,1.903,290.6,0.429,0.667,0.875,53.432,28.639,2,1,0,3,15,0,0
pga,2019,2019,2019-01-13,Sony Open in Hawaii,6,"Etulain, Julian",11911,T43,3,Waialae Country Club,6,70,1,12:20pm,68,0.364,-0.43,0.519,-0.132,-0.043,0.321,293.1,0.429,0.833,0.2,60.386,31.513,5,3,0,5,10,3,0
pga,2019,2019,2019-01-13,Sony Open in Hawaii,6,"Etulain, Julian",11911,T43,4,Waialae Country Club,6,70,1,11:00am,71,0.792,-0.621,-1.446,-1.542,-3.609,-2.817,292.1,0.357,0.611,0.571,54.096,36.16,4,3,1,2,10,5,0
pga,2019,2019,2019-01-13,Sony Open in Hawaii,6,"Knox, Russell",13831,T43,1,Waialae Country Club,6,70,1,7:40am,68,0.702,1.898,0.499,-1.461,0.937,1.639,288.0,0.571,0.5,0.9,33.721,30.189,3,5,0,3,14,1,0
pga,2019,2019,2019-01-13,Sony Open in Hawaii,6,"Knox, Russell",13831,T43,2,Waialae Country Club,6,70,10,12:20pm,67,-0.204,1.169,0.623,0.314,2.107,1.903,285.7,0.643,0.778,0.8,63.48,27.634,2,1,0,5,11,2,0
pga,2019,2019,2019-01-13,Sony Open in Hawaii,6,"Knox, Russell",13831,T43,3,Waialae Country Club,6,70,1,11:20am,69,0.311,-0.99,0.394,-0.394,-0.99,-0.679,279.1,0.643,0.722,0.5,94.471,28.278,2,2,0,4,12,1,1
pga,2019,2019,2019-01-13,Sony Open in Hawaii,6,"Knox, Russell",13831,T43,4,Waialae Country Club,6,70,10,10:50am,69,-1.25,0.419,0.045,-0.031,0.433,-0.817,286.3,0.571,0.833,1.0,56.617,27.134,3,2,0,2,15,1,0
pga,2019,2019,2019-01-13,Sony Open in Hawaii,6,"Jaeger, Stephan",16394,T43,1,Waialae Country Club,6,70,1,1:20pm,69,-2.689,0.869,1.944,0.514,3.328,0.639,299.0,0.5,0.667,0.5,49.947,22.661,3,6,0,3,13,2,0
pga,2019,2019,2019-01-13,Sony Open in Hawaii,6,"Jaeger, Stephan",16394,T43,2,Waialae Country Club,6,70,10,8:40am,69,0.396,0.383,-1.738,0.861,-0.493,-0.097,297.1,0.571,0.611,0.6,39.685,38.281,5,3,0,3,13,2,0
pga,2019,2019,2019-01-13,Sony Open in Hawaii,6,"Jaeger, Stephan",16394,T43,3,Waialae Country Club,6,70,10,12:30pm,65,1.134,0.601,0.824,0.762,2.187,3.321,305.9,0.5,0.778,1.0,35.008,24.057,4,1,0,6,11,1,0
pga,2019,2019,2019-01-13,Sony Open in Hawaii,6,"Jaeger, Stephan",16394,T43,4,Waialae Country Club,6,70,10,10:30am,70,-1.115,-0.008,-0.053,-0.641,-0.702,-1.817,295.6,0.5,0.722,0.5,63.608,23.474,1,3,0,2,14,2,0
pga,2019,2019,2019-01-13,Sony Open in Hawaii,6,"Langley, Scott",14700,T43,1,Waialae Country Club,6,70,10,7:10am,70,0.679,-0.536,-0.697,0.192,-1.04,-0.361,271.5,0.643,0.611,0.667,42.429,32.765,1,5,0,4,10,4,0
pga,2019,2019,2019-01-13,Sony Open in Hawaii,6,"Langley, Scott",14700,T43,2,Waialae Country Club,6,70,1,11:50am,67,1.6,0.116,-0.815,1.001,0.303,1.903,283.4,0.857,0.667,0.857,26.297,32.497,2,2,1,2,14,1,0
pga,2019,2019,2019-01-13,Sony Open in Hawaii,6,"Langley, Scott",14700,T43,3,Waialae Country Club,6,70,10,11:20am,66,2.52,-0.021,-0.039,-0.139,-0.199,2.321,281.1,0.571,0.722,1.0,78.855,22.683,3,1,0,5,12,1,0
pga,2019,2019,2019-01-13,Sony Open in Hawaii,6,"Langley, Scott",14700,T43,4,Waialae Country Club,6,70,1,10:40am,70,-0.73,0.614,-1.199,-0.502,-1.087,-1.817,274.7,0.643,0.667,0.667,59.756,40.359,2,3,0,2,14,2,0
pga,2019,2019,2019-01-13,Sony Open in Hawaii,6,"Herman, Jim",12846,T43,1,Waialae Country Club,6,70,1,8:10am,69,0.987,-1.033,-0.265,0.949,-0.348,0.639,293.4,0.786,0.667,0.625,40.274,25.292,3,2,0,3,13,2,0
pga,2019,2019,2019-01-13,Sony Open in Hawaii,6,"Herman, Jim",12846,T43,2,Waialae Country Club,6,70,10,12:50pm,68,0.291,-0.873,0.957,0.527,0.612,0.903,286.6,0.714,0.778,0.5,13.72,28.942,2,3,0,3,14,1,0
pga,2019,2019,2019-01-13,Sony Open in Hawaii,6,"Herman, Jim",12846,T43,3,Waialae Country Club,6,70,10,11:50am,69,-0.704,-0.64,0.066,0.599,0.025,-0.679,289.1,0.714,0.722,0.667,31.633,31.761,4,4,0,3,13,2,0
pga,2019,2019,2019-01-13,Sony Open in Hawaii,6,"Herman, Jim",12846,T43,4,Waialae Country Club,6,70,10,11:40am,67,0.099,0.126,1.467,-0.509,1.084,1.183,290.6,0.571,0.778,0.6,58.242,22.669,3,2,0,6,10,1,1
pga,2019,2019,2019-01-13,Sony Open in Hawaii,6,"Lebioda, Hank",21943,T43,1,Waialae Country Club,6,70,10,8:40am,70,-1.645,-1.145,1.643,0.785,1.284,-0.361,281.0,0.786,0.889,0.25,46.266,34.206,4,7,0,5,9,3,1
pga,2019,2019,2019-01-13,Sony Open in Hawaii,6,"Lebioda, Hank",21943,T43,2,Waialae Country Club,6,70,1,1:20pm,67,0.62,0.44,0.31,0.532,1.283,1.903,283.3,0.643,0.722,0.833,49.298,30.091,4,1,0,4,13,1,0
pga,2019,2019,2019-01-13,Sony Open in Hawaii,6,"Lebioda, Hank",21943,T43,3,Waialae Country Club,6,70,10,11:50am,68,0.318,0.425,-0.11,-0.312,0.003,0.321,283.2,0.429,0.667,0.625,63.559,28.422,3,5,0,4,12,2,0
pga,2019,2019,2019-01-13,Sony Open in Hawaii,6,"Lebioda, Hank",21943,T43,4,Waialae Country Club,6,70,10,11:20am,68,-1.264,1.126,-0.348,0.669,1.447,0.183,284.6,0.714,0.667,0.429,54.918,27.595,3,4,0,6,8,4,0
pga,2019,2019,2019-01-13,Sony Open in Hawaii,6,"Svensson, Adam",13997,T43,1,Waialae Country Club,6,70,1,1:00pm,61,4.118,0.414,3.184,0.922,4.521,8.639,286.4,0.643,0.889,1.0,40.631,22.662,7,1,1,7,10,0,0
pga,2019,2019,2019-01-13,Sony Open in Hawaii,6,"Svensson, Adam",13997,T43,2,Waialae Country Club,6,70,10,8:20am,74,-2.051,-1.852,-2.165,0.97,-3.046,-5.097,288.0,0.786,0.611,0.125,71.377,33.475,2,5,0,3,8,7,0
pga,2019,2019,2019-01-13,Sony Open in Hawaii,6,"Svensson, Adam",13997,T43,3,Waialae Country Club,6,70,1,11:30am,70,-0.422,-1.569,-0.138,0.45,-1.257,-1.679,298.1,0.5,0.667,0.556,60.892,23.815,3,5,0,5,9,3,1
pga,2019,2019,2019-01-13,Sony Open in Hawaii,6,"Svensson, Adam",13997,T43,4,Waialae Country Club,6,70,10,11:00am,68,-1.404,-0.277,1.67,0.194,1.587,0.183,291.2,0.571,0.833,0.5,97.17,20.42,4,0,0,3,14,1,0
pga,2019,2019,2019-01-13,Sony Open in Hawaii,6,"Prugh, Alex",12339,T51,1,Waialae Country Club,6,70,10,12:50pm,73,-3.958,-0.106,1.623,-0.921,0.597,-3.361,287.4,0.357,0.611,0.5,35.753,28.952,2,4,0,3,9,6,0
pga,2019,2019,2019-01-13,Sony Open in Hawaii,6,"Prugh, Alex",12339,T51,2,Waialae Country Club,6,70,1,8:10am,65,1.319,0.39,1.455,0.738,2.584,3.903,298.9,0.5,0.889,0.5,62.826,19.876,4,2,1,4,12,1,0
pga,2019,2019,2019-01-13,Sony Open in Hawaii,6,"Prugh, Alex",12339,T51,3,Waialae Country Club,6,70,10,12:20pm,65,0.753,-0.202,2.178,0.592,2.568,3.321,306.3,0.5,0.889,0.5,56.134,19.347,4,5,0,6,11,1,0
pga,2019,2019,2019-01-13,Sony Open in Hawaii,6,"Prugh, Alex",12339,T51,4,Waialae Country Club,6,70,1,10:30am,71,-0.422,-1.393,-1.816,0.814,-2.395,-2.817,295.8,0.714,0.556,0.5,92.46,28.632,3,6,0,4,9,5,0
pga,2019,2019,2019-01-13,Sony Open in Hawaii,6,"Harkins, Brandon",15427,T51,1,Waialae Country Club,6,70,1,12:50pm,71,1.888,-0.713,-1.391,-1.146,-3.249,-1.361,288.8,0.286,0.556,0.5,44.124,34.255,5,4,0,6,6,5,1
pga,2019,2019,2019-01-13,Sony Open in Hawaii,6,"Harkins, Brandon",15427,T51,2,Waialae Country Club,6,70,10,8:10am,66,0.189,1.29,1.408,0.015,2.714,2.903,292.2,0.5,0.833,0.6,41.519,27.338,3,2,0,6,10,2,0
pga,2019,2019,2019-01-13,Sony Open in Hawaii,6,"Harkins, Brandon",15427,T51,3,Waialae Country Club,6,70,10,11:10am,70,1.426,2.19,-2.028,-3.267,-3.105,-1.679,297.6,0.429,0.5,0.75,66.223,28.689,4,7,0,6,8,2,2
pga,2019,2019,2019-01-13,Sony Open in Hawaii,6,"Harkins, Brandon",15427,T51,4,Waialae Country Club,6,70,10,12:00pm,67,-0.797,0.454,1.414,0.112,1.98,1.183,291.9,0.5,0.778,0.6,48.162,25.966,3,3,0,6,9,3,0
pga,2019,2019,2019-01-13,Sony Open in Hawaii,6,"Walker, Jimmy",7293,T51,1,Waialae Country Club,6,70,1,8:00am,69,0.758,1.632,-0.048,-1.704,-0.119,0.639,294.5,0.286,0.611,1.0,36.377,36.992,3,4,0,5,10,2,1
pga,2019,2019,2019-01-13,Sony Open in Hawaii,6,"Walker, Jimmy",7293,T51,2,Waialae Country Club,6,70,10,12:40pm,69,0.003,-1.485,1.03,0.354,-0.1,-0.097,294.5,0.5,0.722,0.5,83.923,18.525,4,4,0,4,11,3,0
pga,2019,2019,2019-01-13,Sony Open in Hawaii,6,"Walker, Jimmy",7293,T51,3,Waialae Country Club,6,70,10,12:40pm,67,0.485,0.594,-0.807,1.049,0.836,1.321,295.8,0.357,0.722,0.667,50.716,30.902,5,5,0,5,11,2,0
pga,2019,2019,2019-01-13,Sony Open in Hawaii,6,"Walker, Jimmy",7293,T51,4,Waialae Country Club,6,70,10,11:30am,69,-0.029,-1.143,1.521,-1.166,-0.788,-0.817,299.2,0.571,0.889,0.667,33.963,23.38,2,3,0,3,13,2,0
pga,2019,2019,2019-01-13,Sony Open in Hawaii,6,"Knous, Jim",16382,T51,1,Waialae Country Club,6,70,1,1:30pm,66,1.037,0.373,1.01,1.218,2.602,3.639,296.9,0.571,0.667,0.714,77.829,28.012,3,1,0,6,10,2,0
pga,2019,2019,2019-01-13,Sony Open in Hawaii,6,"Knous, Jim",16382,T51,2,Waialae Country Club,6,70,10,8:50am,69,0.342,0.53,-0.909,-0.061,-0.439,-0.097,281.8,0.429,0.722,1.0,75.433,27.75,2,1,0,2,15,1,0
pga,2019,2019,2019-01-13,Sony Open in Hawaii,6,"Knous, Jim",16382,T51,3,Waialae Country Club,6,70,1,11:30am,69,0.367,-0.916,0.505,-0.635,-1.046,-0.679,294.5,0.357,0.722,0.625,45.34,27.047,4,2,0,3,13,2,0
pga,2019,2019,2019-01-13,Sony Open in Hawaii,6,"Knous, Jim",16382,T51,4,Waialae Country Club,6,70,10,10:50am,70,-0.957,-0.423,0.536,-0.973,-0.86,-1.817,290.8,0.571,0.722,0.75,75.091,21.335,1,3,0,3,13,1,1
pga,2019,2019,2019-01-13,Sony Open in Hawaii,6,"Matsuyama, Hideki",13562,T51,1,Waialae Country Club,6,70,1,12:30pm,69,-0.57,-1.839,2.6,0.447,1.209,0.639,284.9,0.643,0.833,0.167,33.874,27.067,4,6,0,5,10,2,1
pga,2019,2019,2019-01-13,Sony Open in Hawaii,6,"Matsuyama, Hideki",13562,T51,2,Waialae Country Club,6,70,10,7:50am,67,0.419,-0.055,0.832,0.706,1.484,1.903,287.2,0.643,0.778,0.714,36.395,27.712,5,3,0,5,11,2,0
pga,2019,2019,2019-01-13,Sony Open in Hawaii,6,"Matsuyama, Hideki",13562,T51,3,Waialae Country Club,6,70,1,11:00am,65,2.253,1.076,0.079,-0.087,1.068,3.321,281.9,0.643,0.778,1.0,50.179,21.313,4,4,0,6,11,1,0
pga,2019,2019,2019-01-13,Sony Open in Hawaii,6,"Matsuyama, Hideki",13562,T51,4,Waialae Country Club,6,70,1,11:30am,73,-3.199,-0.174,-0.833,-0.611,-1.618,-4.817,290.1,0.286,0.611,0.375,46.928,28.146,0,5,0,2,11,5,0
pga,2019,2019,2019-01-13,Sony Open in Hawaii,6,"Frittelli, Dylan",11955,T51,1,Waialae Country Club,6,70,10,1:30pm,67,0.436,1.152,0.469,0.581,2.203,2.639,287.6,0.857,0.778,1.0,,28.673,4,3,1,3,12,2,0
pga,2019,2019,2019-01-13,Sony Open in Hawaii,6,"Frittelli, Dylan",11955,T51,2,Waialae Country Club,6,70,1,8:50am,69,-0.401,0.806,-2.179,1.676,0.304,-0.097,297.6,0.643,0.722,0.714,58.636,32.033,1,0,0,2,15,1,0
pga,2019,2019,2019-01-13,Sony Open in Hawaii,6,"Frittelli, Dylan",11955,T51,3,Waialae Country Club,6,70,1,11:00am,67,0.502,0.416,-0.52,0.923,0.819,1.321,295.2,0.786,0.722,0.667,76.86,25.947,2,3,1,3,12,2,0
pga,2019,2019,2019-01-13,Sony Open in Hawaii,6,"Frittelli, Dylan",11955,T51,4,Waialae Country Club,6,70,1,10:50am,71,-1.671,-1.188,-0.067,0.109,-1.146,-2.817,287.6,0.643,0.833,0.2,48.775,34.18,1,2,0,1,15,2,0
pga,2019,2019,2019-01-13,Sony Open in Hawaii,6,"Rodriguez, Jose de Jesus",12855,T57,1,Waialae Country Club,6,70,1,1:30pm,66,2.502,-0.257,0.401,0.992,1.137,3.639,290.8,0.643,0.833,0.667,58.394,26.287,3,0,0,6,10,2,0
pga,2019,2019,2019-01-13,Sony Open in Hawaii,6,"Rodriguez, Jose de Jesus",12855,T57,2,Waialae Country Club,6,70,10,8:50am,70,-0.076,-0.467,-1.113,0.558,-1.021,-1.097,292.8,0.5,0.722,0.333,53.884,31.4,1,1,0,3,12,3,0
pga,2019,2019,2019-01-13,Sony Open in Hawaii,6,"Rodriguez, Jose de Jesus",12855,T57,3,Waialae Country Club,6,70,1,10:50am,70,-1.412,0.787,-1.66,0.606,-0.267,-1.679,291.9,0.5,0.611,0.889,41.043,30.057,2,3,0,1,16,1,0
pga,2019,2019,2019-01-13,Sony Open in Hawaii,6,"Rodriguez, Jose de Jesus",12855,T57,4,Waialae Country Club,6,70,10,11:30am,69,0.182,1.239,-2.154,-0.084,-0.999,-0.817,289.1,0.5,0.667,0.667,42.6,33.769,4,4,0,4,11,3,0
pga,2019,2019,2019-01-13,Sony Open in Hawaii,6,"Hadwin, Adam",13965,T57,1,Waialae Country Club,6,70,1,8:00am,73,-1.163,-1.754,-0.837,0.392,-2.198,-3.361,292.1,0.571,0.778,0.4,51.103,32.945,2,1,0,2,11,5,0
pga,2019,2019,2019-01-13,Sony Open in Hawaii,6,"Hadwin, Adam",13965,T57,2,Waialae Country Club,6,70,10,12:40pm,65,1.668,1.269,0.649,0.316,2.235,3.903,289.5,0.571,0.722,0.833,34.751,24.77,3,2,0,6,11,1,0
pga,2019,2019,2019-01-13,Sony Open in Hawaii,6,"Hadwin, Adam",13965,T57,3,Waialae Country Club,6,70,10,12:40pm,70,-0.411,-2.027,-0.755,1.514,-1.268,-1.679,294.5,0.571,0.611,0.444,10.467,34.129,3,4,0,4,10,4,0
pga,2019,2019,2019-01-13,Sony Open in Hawaii,6,"Hadwin, Adam",13965,T57,4,Waialae Country Club,6,70,10,12:20pm,67,1.906,-1.483,-0.721,1.481,-0.723,1.183,299.8,0.786,0.722,0.333,104.327,22.958,5,3,0,6,9,3,0
pga,2019,2019,2019-01-13,Sony Open in Hawaii,6,"Wright, Chase",16807,T57,1,Waialae Country Club,6,70,10,1:00pm,69,2.244,1.091,-0.606,-2.091,-1.605,0.639,288.0,0.5,0.556,0.857,95.516,27.99,2,4,0,3,13,2,0
pga,2019,2019,2019-01-13,Sony Open in Hawaii,6,"Wright, Chase",16807,T57,2,Waialae Country Club,6,70,1,8:20am,68,-0.748,0.502,-0.011,1.159,1.651,0.903,292.1,0.714,0.778,0.75,127.796,24.851,1,1,0,3,14,1,0
pga,2019,2019,2019-01-13,Sony Open in Hawaii,6,"Wright, Chase",16807,T57,3,Waialae Country Club,6,70,10,11:10am,67,-0.2,-1.494,1.931,1.084,1.521,1.321,290.3,0.786,0.778,0.5,55.358,21.741,5,5,0,6,9,3,0
pga,2019,2019,2019-01-13,Sony Open in Hawaii,6,"Wright, Chase",16807,T57,4,Waialae Country Club,6,70,10,10:40am,71,-0.999,-2.377,-0.109,0.668,-1.818,-2.817,287.8,0.643,0.778,0.167,36.684,32.836,2,4,0,3,12,2,1
pga,2019,2019,2019-01-13,Sony Open in Hawaii,6,"Duncan, Tyler",18187,T57,1,Waialae Country Club,6,70,10,11:40am,72,-0.697,0.208,-0.701,-1.172,-1.664,-2.361,282.1,0.429,0.667,1.0,123.118,24.243,3,3,0,2,12,4,0
pga,2019,2019,2019-01-13,Sony Open in Hawaii,6,"Duncan, Tyler",18187,T57,2,Waialae Country Club,6,70,1,7:00am,66,1.743,0.094,-0.288,1.353,1.16,2.903,294.3,0.786,0.667,0.857,31.61,30.356,3,4,0,6,11,0,1
pga,2019,2019,2019-01-13,Sony Open in Hawaii,6,"Duncan, Tyler",18187,T57,3,Waialae Country Club,6,70,10,12:00pm,66,1.003,0.803,-0.327,0.842,1.318,2.321,288.9,0.643,0.778,0.857,31.932,31.449,5,1,1,4,11,2,0
pga,2019,2019,2019-01-13,Sony Open in Hawaii,6,"Duncan, Tyler",18187,T57,4,Waialae Country Club,6,70,10,10:50am,71,-1.499,-2.059,-0.065,0.806,-1.318,-2.817,291.7,0.643,0.833,0.0,26.011,32.07,1,6,0,3,12,2,1
pga,2019,2019,2019-01-13,Sony Open in Hawaii,6,"Mullinax, Trey",18761,T57,1,Waialae Country Club,6,70,10,12:00pm,68,-0.147,0.387,0.38,1.018,1.786,1.639,304.3,0.571,0.778,0.5,64.719,28.55,3,4,0,5,10,3,0
pga,2019,2019,2019-01-13,Sony Open in Hawaii,6,"Mullinax, Trey",18761,T57,2,Waialae Country Club,6,70,1,7:20am,70,-1.158,0.282,-1.083,0.861,0.061,-1.097,306.3,0.357,0.778,0.571,55.093,30.188,2,3,0,2,14,2,0
pga,2019,2019,2019-01-13,Sony Open in Hawaii,6,"Mullinax, Trey",18761,T57,3,Waialae Country Club,6,70,10,12:00pm,70,-0.994,-0.585,0.447,-0.547,-0.685,-1.679,297.3,0.429,0.778,0.6,54.009,22.106,3,5,0,4,10,4,0
pga,2019,2019,2019-01-13,Sony Open in Hawaii,6,"Mullinax, Trey",18761,T57,4,Waialae Country Club,6,70,10,12:20pm,67,1.15,3.105,-3.359,0.287,0.033,1.183,301.2,0.429,0.444,0.833,54.943,34.937,3,3,0,4,13,1,0
pga,2019,2019,2019-01-13,Sony Open in Hawaii,6,"Gomez, Fabian",8571,T57,1,Waialae Country Club,6,70,10,7:10am,70,0.953,-1.379,-0.914,0.978,-1.314,-0.361,290.7,0.786,0.5,0.545,45.687,30.008,4,4,1,3,9,5,0
pga,2019,2019,2019-01-13,Sony Open in Hawaii,6,"Gomez, Fabian",8571,T57,2,Waialae Country Club,6,70,1,11:50am,67,-0.123,-0.653,2.787,-0.109,2.026,1.903,280.0,0.571,0.833,0.5,31.391,22.153,4,1,0,5,11,2,0
pga,2019,2019,2019-01-13,Sony Open in Hawaii,6,"Gomez, Fabian",8571,T57,3,Waialae Country Club,6,70,10,11:20am,69,-0.481,0.025,-0.508,0.285,-0.198,-0.679,280.5,0.786,0.778,0.667,12.608,23.485,1,3,0,4,11,3,0
pga,2019,2019,2019-01-13,Sony Open in Hawaii,6,"Gomez, Fabian",8571,T57,4,Waialae Country Club,6,70,10,11:40am,69,-2.07,0.906,-0.237,0.584,1.253,-0.817,289.2,0.714,0.833,1.0,36.454,26.9,1,2,1,1,15,0,1
pga,2019,2019,2019-01-13,Sony Open in Hawaii,6,"Roach, Wes",15720,T57,1,Waialae Country Club,6,70,1,1:00pm,67,2.956,0.026,-1.112,0.768,-0.317,2.639,292.9,0.643,0.611,0.75,74.473,36.334,5,3,0,6,9,3,0
pga,2019,2019,2019-01-13,Sony Open in Hawaii,6,"Roach, Wes",15720,T57,2,Waialae Country Club,6,70,10,8:20am,68,1.119,0.754,-1.602,0.631,-0.216,0.903,287.7,0.643,0.778,0.75,136.536,27.84,2,1,0,5,10,3,0
pga,2019,2019,2019-01-13,Sony Open in Hawaii,6,"Roach, Wes",15720,T57,3,Waialae Country Club,6,70,1,11:40am,70,0.311,-0.551,-1.799,0.36,-1.99,-1.679,292.9,0.714,0.556,0.714,71.367,25.465,3,4,0,4,10,4,0
pga,2019,2019,2019-01-13,Sony Open in Hawaii,6,"Roach, Wes",15720,T57,4,Waialae Country Club,6,70,10,11:10am,70,-0.695,-0.173,-1.603,0.654,-1.122,-1.817,291.9,0.643,0.722,0.667,53.886,35.547,1,2,0,2,14,2,0
pga,2019,2019,2019-01-13,Sony Open in Hawaii,6,"Blaum, Ryan",9643,T64,1,Waialae Country Club,6,70,1,11:40am,68,0.696,-0.676,0.259,1.359,0.943,1.639,289.3,0.857,0.667,0.5,45.706,30.194,5,4,0,5,10,3,0
pga,2019,2019,2019-01-13,Sony Open in Hawaii,6,"Blaum, Ryan",9643,T64,2,Waialae Country Club,6,70,10,7:00am,66,1.447,0.394,2.225,-1.164,1.456,2.903,283.6,0.429,0.778,1.0,31.043,22.047,3,3,0,4,14,0,0
pga,2019,2019,2019-01-13,Sony Open in Hawaii,6,"Blaum, Ryan",9643,T64,3,Waialae Country Club,6,70,1,12:30pm,71,0.555,-1.468,-0.675,-1.091,-3.234,-2.679,282.6,0.286,0.5,0.6,42.313,31.743,1,2,0,3,11,4,0
pga,2019,2019,2019-01-13,Sony Open in Hawaii,6,"Blaum, Ryan",9643,T64,4,Waialae Country Club,6,70,10,11:20am,71,0.161,-0.088,-1.334,-1.556,-2.978,-2.817,285.2,0.571,0.611,0.889,49.539,34.914,1,4,0,2,13,3,0
pga,2019,2019,2019-01-13,Sony Open in Hawaii,6,"Inamori, Yuki",16165,T64,1,Waialae Country Club,6,70,1,1:20pm,69,-0.304,-1.108,1.595,0.455,0.943,0.639,285.3,0.714,0.722,0.5,31.523,28.127,4,2,0,3,13,2,0
pga,2019,2019,2019-01-13,Sony Open in Hawaii,6,"Inamori, Yuki",16165,T64,2,Waialae Country Club,6,70,10,8:40am,68,1.517,-0.103,0.938,-1.45,-0.614,0.903,260.8,0.714,0.611,0.875,38.046,28.221,1,2,0,3,14,1,0
pga,2019,2019,2019-01-13,Sony Open in Hawaii,6,"Inamori, Yuki",16165,T64,3,Waialae Country Club,6,70,10,11:20am,71,-2.564,-0.212,-0.272,0.369,-0.115,-2.679,282.0,0.714,0.889,0.5,66.027,31.6,1,3,0,1,15,2,0
pga,2019,2019,2019-01-13,Sony Open in Hawaii,6,"Inamori, Yuki",16165,T64,4,Waialae Country Club,6,70,10,12:10pm,68,0.403,-1.375,0.865,0.29,-0.22,0.183,289.3,0.643,0.722,0.571,31.253,27.672,1,3,1,3,12,1,1
pga,2019,2019,2019-01-13,Sony Open in Hawaii,6,"Henley, Russell",14578,66,1,Waialae Country Club,6,70,10,7:30am,68,0.275,1.356,0.089,-0.082,1.364,1.639,281.7,0.429,0.778,0.667,52.798,33.994,2,2,0,4,12,2,0
pga,2019,2019,2019-01-13,Sony Open in Hawaii,6,"Henley, Russell",14578,66,2,Waialae Country Club,6,70,1,12:10pm,69,1.825,-0.836,-0.982,-0.105,-1.922,-0.097,289.2,0.429,0.611,0.75,58.611,28.426,2,2,0,2,15,1,0
pga,2019,2019,2019-01-13,Sony Open in Hawaii,6,"Henley, Russell",14578,66,3,Waialae Country Club,6,70,10,11:40am,71,-2.862,0.038,-0.333,0.478,0.183,-2.679,286.1,0.714,0.722,0.2,117.477,26.964,5,8,0,4,9,5,0
pga,2019,2019,2019-01-13,Sony Open in Hawaii,6,"Henley, Russell",14578,66,4,Waialae Country Club,6,70,10,12:10pm,69,0.415,-2.202,0.092,0.878,-1.232,-0.817,289.5,0.857,0.722,0.625,46.332,23.529,3,2,0,4,12,1,1
pga,2019,2019,2019-01-13,Sony Open in Hawaii,6,"Wagner, Johnson",7927,T67,1,Waialae Country Club,6,70,10,11:50am,68,-0.733,0.007,1.596,0.768,2.372,1.639,292.1,0.643,0.722,0.6,74.454,22.513,5,2,0,5,10,3,0
pga,2019,2019,2019-01-13,Sony Open in Hawaii,6,"Wagner, Johnson",7927,T67,2,Waialae Country Club,6,70,1,7:10am,69,0.2,-1.044,0.611,0.135,-0.297,-0.097,285.8,0.5,0.667,0.375,54.084,32.697,4,2,1,4,8,5,0
pga,2019,2019,2019-01-13,Sony Open in Hawaii,6,"Wagner, Johnson",7927,T67,3,Waialae Country Club,6,70,10,11:00am,70,-0.828,-0.576,-0.118,-0.157,-0.851,-1.679,288.2,0.5,0.667,0.625,41.927,33.526,4,7,0,5,8,5,0
pga,2019,2019,2019-01-13,Sony Open in Hawaii,6,"Wagner, Johnson",7927,T67,4,Waialae Country Club,6,70,10,12:00pm,71,-0.585,-0.89,0.344,-1.686,-2.232,-2.817,277.8,0.286,0.667,0.333,50.212,40.305,3,3,0,3,11,4,0
pga,2019,2019,2019-01-13,Sony Open in Hawaii,6,"Hoshino, Rikuya",19190,T67,1,Waialae Country Club,6,70,1,1:30pm,66,1.651,0.029,1.457,0.501,1.988,3.639,293.4,0.571,0.944,0.667,42.393,30.053,4,1,0,5,12,1,0
pga,2019,2019,2019-01-13,Sony Open in Hawaii,6,"Hoshino, Rikuya",19190,T67,2,Waialae Country Club,6,70,10,8:50am,72,-4.674,0.549,0.139,0.888,1.577,-3.097,292.0,0.786,0.778,0.6,103.258,30.632,4,4,0,2,12,4,0
pga,2019,2019,2019-01-13,Sony Open in Hawaii,6,"Hoshino, Rikuya",19190,T67,3,Waialae Country Club,6,70,10,12:30pm,69,-2.142,-0.272,0.676,1.059,1.463,-0.679,291.2,0.714,0.778,1.0,21.074,29.365,1,3,0,3,13,2,0
pga,2019,2019,2019-01-13,Sony Open in Hawaii,6,"Hoshino, Rikuya",19190,T67,4,Waialae Country Club,6,70,10,12:10pm,71,-1.399,-0.715,-1.454,0.751,-1.418,-2.817,295.8,0.643,0.556,0.545,32.249,26.959,3,6,0,4,9,5,0
pga,2019,2019,2019-01-13,Sony Open in Hawaii,6,"Thompson, Michael",12946,T69,1,Waialae Country Club,6,70,1,12:00pm,66,2.465,-0.721,1.536,0.358,1.174,3.639,288.7,0.643,0.722,0.571,39.229,25.189,3,0,0,5,12,1,0
pga,2019,2019,2019-01-13,Sony Open in Hawaii,6,"Thompson, Michael",12946,T69,2,Waialae Country Club,6,70,10,7:20am,69,0.915,0.339,0.051,-1.403,-1.012,-0.097,285.1,0.571,0.611,0.714,33.828,25.871,3,4,0,4,11,3,0
pga,2019,2019,2019-01-13,Sony Open in Hawaii,6,"Thompson, Michael",12946,T69,3,Waialae Country Club,6,70,1,11:50am,70,-0.675,0.594,-1.566,-0.032,-1.004,-1.679,282.7,0.643,0.833,0.4,106.106,28.633,3,4,0,2,14,2,0
pga,2019,2019,2019-01-13,Sony Open in Hawaii,6,"Thompson, Michael",12946,T69,4,Waialae Country Club,6,70,10,11:20am,74,-0.433,-0.765,-2.635,-1.984,-5.384,-5.817,273.0,0.429,0.444,0.636,109.686,36.417,0,2,0,1,12,5,0
pga,2019,2019,2019-01-13,Sony Open in Hawaii,6,"Kisner, Kevin",11328,T69,1,Waialae Country Club,6,70,10,12:10pm,69,1.934,-2.745,1.445,0.004,-1.295,0.639,287.3,0.5,0.667,0.444,43.92,35.119,7,6,0,6,8,3,1
pga,2019,2019,2019-01-13,Sony Open in Hawaii,6,"Kisner, Kevin",11328,T69,2,Waialae Country Club,6,70,1,7:30am,69,-0.281,0.798,-0.387,-0.228,0.184,-0.097,289.4,0.357,0.611,0.5,52.728,22.665,4,2,0,3,13,2,0
pga,2019,2019,2019-01-13,Sony Open in Hawaii,6,"Kisner, Kevin",11328,T69,3,Waialae Country Club,6,70,10,12:10pm,68,1.118,-0.879,-0.293,0.375,-0.797,0.321,288.9,0.643,0.778,0.429,42.602,28.999,2,4,0,4,12,2,0
pga,2019,2019,2019-01-13,Sony Open in Hawaii,6,"Kisner, Kevin",11328,T69,4,Waialae Country Club,6,70,10,11:50am,73,-0.59,-2.373,-1.502,-0.352,-4.227,-4.817,281.9,0.5,0.444,0.273,48.437,33.253,2,6,0,4,7,7,0
pga,2019,2019,2019-01-13,Sony Open in Hawaii,6,"Lee, Danny",11826,71,1,Waialae Country Club,6,70,10,8:10am,70,-0.512,0.278,-1.731,1.603,0.151,-0.361,301.4,0.714,0.611,0.667,48.657,34.059,2,4,0,3,12,3,0
pga,2019,2019,2019-01-13,Sony Open in Hawaii,6,"Lee, Danny",11826,71,2,Waialae Country Club,6,70,1,12:50pm,66,1.698,-0.064,0.23,1.038,1.205,2.903,296.4,0.714,0.722,0.714,30.856,23.84,7,4,0,7,8,3,0
pga,2019,2019,2019-01-13,Sony Open in Hawaii,6,"Lee, Danny",11826,71,3,Waialae Country Club,6,70,10,10:50am,70,-1.34,-0.23,0.816,-0.925,-0.339,-1.679,305.0,0.429,0.778,0.333,40.706,25.449,3,5,0,5,8,5,0
pga,2019,2019,2019-01-13,Sony Open in Hawaii,6,"Lee, Danny",11826,71,4,Waialae Country Club,6,70,10,11:30am,74,-4.04,-1.734,-0.64,0.597,-1.777,-5.817,302.2,0.571,0.778,0.571,49.921,26.311,4,11,0,5,8,3,2
pga,2019,2019,2019-01-13,Sony Open in Hawaii,6,"Tway, Kevin",13127,CUT,1,Waialae Country Club,6,70,10,12:30pm,68,-0.015,0.11,0.704,0.839,1.654,1.639,292.5,0.643,0.833,0.25,35.548,25.126,3,0,0,4,12,2,0
pga,2019,2019,2019-01-13,Sony Open in Hawaii,6,"Tway, Kevin",13127,CUT,2,Waialae Country Club,6,70,1,7:50am,71,-2.445,-0.25,1.441,-0.844,0.348,-2.097,301.5,0.357,0.833,0.5,53.724,21.474,2,4,0,2,13,3,0
pga,2019,2019,2019-01-13,Sony Open in Hawaii,6,"Silverman, Ben",17381,CUT,1,Waialae Country Club,6,70,10,1:30pm,72,-0.939,-1.018,-1.435,1.03,-1.422,-2.361,283.0,0.929,0.611,0.6,54.893,36.483,3,5,0,4,8,6,0
pga,2019,2019,2019-01-13,Sony Open in Hawaii,6,"Silverman, Ben",17381,CUT,2,Waialae Country Club,6,70,1,8:50am,67,0.651,-0.206,1.011,0.446,1.252,1.903,285.4,0.714,0.722,0.6,41.214,25.255,5,1,0,5,11,2,0
pga,2019,2019,2019-01-13,Sony Open in Hawaii,6,"Hearn, David",7340,CUT,1,Waialae Country Club,6,70,1,7:50am,70,2.805,-1.151,-1.846,-0.17,-3.166,-0.361,282.9,0.357,0.444,0.615,64.727,32.612,4,4,0,4,11,2,1
pga,2019,2019,2019-01-13,Sony Open in Hawaii,6,"Hearn, David",7340,CUT,2,Waialae Country Club,6,70,10,12:30pm,69,-0.087,0.737,-1.259,0.511,-0.01,-0.097,279.3,0.571,0.667,0.5,64.987,45.86,4,3,0,4,11,3,0
pga,2019,2019,2019-01-13,Sony Open in Hawaii,6,"Clark, Wyndham",23604,CUT,1,Waialae Country Club,6,70,10,1:20pm,71,-0.989,0.241,0.087,-0.701,-0.372,-1.361,288.9,0.429,0.444,0.615,40.319,35.265,5,4,0,4,10,3,1
pga,2019,2019,2019-01-13,Sony Open in Hawaii,6,"Clark, Wyndham",23604,CUT,2,Waialae Country Club,6,70,1,8:40am,68,0.111,-0.054,0.635,0.21,0.792,0.903,297.8,0.571,0.667,0.556,50.118,20.865,5,5,0,6,8,4,0
pga,2019,2019,2019-01-13,Sony Open in Hawaii,6,"Kelly, Jerry",5151,CUT,1,Waialae Country Club,6,70,1,7:20am,69,1.725,1.53,-1.715,-0.902,-1.086,0.639,273.4,0.643,0.556,0.625,68.98,38.836,4,4,0,4,11,3,0
pga,2019,2019,2019-01-13,Sony Open in Hawaii,6,"Kelly, Jerry",5151,CUT,2,Waialae Country Club,6,70,10,12:00pm,70,-0.611,0.462,-0.459,-0.49,-0.486,-1.097,279.1,0.571,0.611,0.667,32.753,28.745,3,4,0,3,12,3,0
pga,2019,2019,2019-01-13,Sony Open in Hawaii,6,"Hoge, Tom",15575,CUT,1,Waialae Country Club,6,70,10,7:20am,70,0.803,0.057,0.653,-1.875,-1.164,-0.361,275.4,0.286,0.444,0.75,41.361,30.437,4,2,1,1,13,3,0
pga,2019,2019,2019-01-13,Sony Open in Hawaii,6,"Hoge, Tom",15575,CUT,2,Waialae Country Club,6,70,1,12:00pm,69,-0.524,0.439,0.781,-0.794,0.427,-0.097,283.7,0.5,0.778,0.5,25.122,33.585,2,4,0,3,13,2,0
pga,2019,2019,2019-01-13,Sony Open in Hawaii,6,"Perez, Pat",6762,CUT,1,Waialae Country Club,6,70,10,7:40am,69,2.552,0.567,-2.219,-0.262,-1.913,0.639,280.4,0.429,0.556,0.7,73.489,42.818,3,1,0,4,11,3,0
pga,2019,2019,2019-01-13,Sony Open in Hawaii,6,"Perez, Pat",6762,CUT,2,Waialae Country Club,6,70,1,12:20pm,70,1.046,-0.761,-1.386,0.003,-2.143,-1.097,279.3,0.714,0.667,0.429,99.0,30.677,3,2,0,3,12,3,0
pga,2019,2019,2019-01-13,Sony Open in Hawaii,6,"Spieth, Jordan",14636,CUT,1,Waialae Country Club,6,70,10,8:00am,73,-2.878,0.587,-1.425,0.354,-0.483,-3.361,284.9,0.5,0.5,0.5,45.009,37.314,1,6,0,1,13,4,0
pga,2019,2019,2019-01-13,Sony Open in Hawaii,6,"Spieth, Jordan",14636,CUT,2,Waialae Country Club,6,70,1,12:40pm,66,2.5,-0.505,0.314,0.593,0.403,2.903,301.8,0.5,0.722,0.75,40.543,28.907,4,4,0,7,8,3,0
pga,2019,2019,2019-01-13,Sony Open in Hawaii,6,"Kirk, Chris",12423,CUT,1,Waialae Country Club,6,70,1,11:50am,69,-0.564,1.449,-0.26,0.013,1.203,0.639,285.3,0.5,0.667,0.571,48.578,35.996,4,4,0,4,11,3,0
pga,2019,2019,2019-01-13,Sony Open in Hawaii,6,"Kirk, Chris",12423,CUT,2,Waialae Country Club,6,70,10,7:10am,70,0.571,-0.205,-0.522,-0.942,-1.668,-1.097,283.2,0.429,0.611,0.778,32.95,23.526,3,6,0,2,14,2,0
pga,2019,2019,2019-01-13,Sony Open in Hawaii,6,"Gooch, Talor",18580,CUT,1,Waialae Country Club,6,70,1,1:10pm,71,-0.391,-1.0,1.255,-1.226,-0.97,-1.361,296.8,0.571,0.778,0.571,67.087,24.772,2,2,0,2,14,1,1
pga,2019,2019,2019-01-13,Sony Open in Hawaii,6,"Gooch, Talor",18580,CUT,2,Waialae Country Club,6,70,10,8:30am,68,-0.993,0.573,1.011,0.311,1.896,0.903,285.7,0.429,0.833,0.8,40.661,29.095,3,2,0,4,12,2,0
pga,2019,2019,2019-01-13,Sony Open in Hawaii,6,"Johnson, Zach",6986,CUT,1,Waialae Country Club,6,70,10,7:30am,71,-1.552,0.015,0.794,-0.619,0.191,-1.361,280.2,0.643,0.556,0.75,38.496,29.035,2,5,1,0,14,3,0
pga,2019,2019,2019-01-13,Sony Open in Hawaii,6,"Johnson, Zach",6986,CUT,2,Waialae Country Club,6,70,1,12:10pm,68,1.258,-0.841,1.727,-1.242,-0.355,0.903,297.1,0.429,0.778,0.5,35.541,24.586,5,3,1,3,11,3,0
pga,2019,2019,2019-01-13,Sony Open in Hawaii,6,"Kim, Si Woo",14609,CUT,1,Waialae Country Club,6,70,1,12:20pm,68,-0.204,0.891,-0.848,1.799,1.843,1.639,297.8,0.643,0.611,0.778,39.038,30.544,3,2,0,4,12,2,0
pga,2019,2019,2019-01-13,Sony Open in Hawaii,6,"Kim, Si Woo",14609,CUT,2,Waialae Country Club,6,70,10,7:40am,71,-2.3,0.01,0.822,-0.63,0.203,-2.097,297.7,0.5,0.611,0.5,51.849,28.948,5,4,1,1,12,4,0
pga,2019,2019,2019-01-13,Sony Open in Hawaii,6,"Kraft, Kelly",15852,CUT,1,Waialae Country Club,6,70,1,7:20am,68,-1.865,2.63,1.206,-0.333,3.504,1.639,277.6,0.429,0.611,0.75,57.653,27.933,3,2,1,2,13,2,0
pga,2019,2019,2019-01-13,Sony Open in Hawaii,6,"Kraft, Kelly",15852,CUT,2,Waialae Country Club,6,70,10,12:00pm,72,-1.301,-0.137,-0.438,-1.222,-1.796,-3.097,273.3,0.286,0.667,0.556,67.229,26.64,3,4,0,3,10,5,0
pga,2019,2019,2019-01-13,Sony Open in Hawaii,6,"Knost, Colt",12149,CUT,1,Waialae Country Club,6,70,10,12:00pm,69,0.438,-0.227,0.323,0.104,0.201,0.639,286.0,0.571,0.778,0.0,43.965,27.858,3,3,0,5,9,4,0
pga,2019,2019,2019-01-13,Sony Open in Hawaii,6,"Knost, Colt",12149,CUT,2,Waialae Country Club,6,70,1,7:20am,71,-1.108,-1.433,0.247,0.196,-0.989,-2.097,286.3,0.643,0.611,0.571,19.55,26.966,0,1,0,3,11,4,0
pga,2019,2019,2019-01-13,Sony Open in Hawaii,6,"Huh, John",14606,CUT,1,Waialae Country Club,6,70,10,7:20am,70,-1.06,-0.05,-0.351,1.099,0.699,-0.361,286.6,0.643,0.556,0.6,11.162,34.448,3,1,0,3,12,3,0
pga,2019,2019,2019-01-13,Sony Open in Hawaii,6,"Huh, John",14606,CUT,2,Waialae Country Club,6,70,1,12:00pm,70,-1.044,-0.167,-0.475,0.588,-0.053,-1.097,283.2,0.786,0.778,0.571,51.334,30.358,2,3,0,3,12,3,0
pga,2019,2019,2019-01-13,Sony Open in Hawaii,6,"Kim, Michael",17543,CUT,1,Waialae Country Club,6,70,1,8:00am,71,1.697,-1.138,-1.49,-0.431,-3.058,-1.361,275.0,0.5,0.556,0.571,62.177,33.603,4,6,0,3,11,4,0
pga,2019,2019,2019-01-13,Sony Open in Hawaii,6,"Kim, Michael",17543,CUT,2,Waialae Country Club,6,70,10,12:40pm,69,-0.681,0.891,0.16,-0.468,0.584,-0.097,279.2,0.429,0.611,0.833,90.564,26.69,2,3,0,4,11,3,0
pga,2019,2019,2019-01-13,Sony Open in Hawaii,6,"Casey, Paul",7108,CUT,1,Waialae Country Club,6,70,1,12:20pm,72,-2.896,-0.457,1.347,-0.356,0.535,-2.361,283.6,0.714,0.667,0.286,29.677,27.234,3,4,1,1,12,3,1
pga,2019,2019,2019-01-13,Sony Open in Hawaii,6,"Casey, Paul",7108,CUT,2,Waialae Country Club,6,70,10,7:40am,68,-0.172,1.526,-0.376,-0.076,1.075,0.903,283.4,0.571,0.611,0.818,58.292,28.866,4,6,0,4,12,2,0
pga,2019,2019,2019-01-13,Sony Open in Hawaii,6,"Ryder, Sam",16715,CUT,1,Waialae Country Club,6,70,1,7:10am,67,2.456,-0.373,0.943,-0.388,0.183,2.639,284.2,0.5,0.778,0.667,42.251,27.202,5,1,0,4,13,1,0
pga,2019,2019,2019-01-13,Sony Open in Hawaii,6,"Ryder, Sam",16715,CUT,2,Waialae Country Club,6,70,10,11:50am,73,-1.658,-0.124,-1.345,-0.971,-2.439,-4.097,282.7,0.429,0.722,0.571,69.064,28.984,1,4,0,1,13,4,0
pga,2019,2019,2019-01-13,Sony Open in Hawaii,6,"Donald, Luke",4163,CUT,1,Waialae Country Club,6,70,1,7:40am,69,1.79,-0.557,0.063,-0.658,-1.151,0.639,283.7,0.429,0.556,0.778,45.448,27.744,4,2,0,2,15,1,0
pga,2019,2019,2019-01-13,Sony Open in Hawaii,6,"Donald, Luke",4163,CUT,2,Waialae Country Club,6,70,10,12:20pm,71,-0.697,-0.385,-0.723,-0.293,-1.4,-2.097,283.8,0.5,0.667,0.429,83.221,25.446,1,1,0,2,13,3,0
pga,2019,2019,2019-01-13,Sony Open in Hawaii,6,"Long, Adam",15473,CUT,1,Waialae Country Club,6,70,1,1:00pm,71,-2.272,-0.472,1.555,-0.173,0.911,-1.361,286.5,0.5,0.667,0.625,48.85,24.964,1,5,0,2,13,3,0
pga,2019,2019,2019-01-13,Sony Open in Hawaii,6,"Long, Adam",15473,CUT,2,Waialae Country Club,6,70,10,8:20am,69,-1.578,0.718,0.141,0.621,1.481,-0.097,291.4,0.643,0.667,0.5,60.252,26.056,4,3,0,4,11,3,0
pga,2019,2019,2019-01-13,Sony Open in Hawaii,6,"Bae, Sangmoon",10081,CUT,1,Waialae Country Club,6,70,1,12:10pm,75,-4.793,-0.842,0.253,0.02,-0.568,-5.361,288.1,0.5,0.778,0.5,36.914,30.226,3,8,0,2,9,7,0
pga,2019,2019,2019-01-13,Sony Open in Hawaii,6,"Bae, Sangmoon",10081,CUT,2,Waialae Country Club,6,70,10,7:30am,65,1.934,2.031,1.198,-1.261,1.969,3.903,291.0,0.5,0.722,1.0,52.449,14.919,4,1,0,5,13,0,0
pga,2019,2019,2019-01-13,Sony Open in Hawaii,6,"Burns, Sam",19483,CUT,1,Waialae Country Club,6,70,10,8:30am,71,-0.212,-1.4,-0.002,0.252,-1.149,-1.361,284.3,0.571,0.833,0.25,58.198,31.433,4,7,1,3,10,2,2
pga,2019,2019,2019-01-13,Sony Open in Hawaii,6,"Burns, Sam",19483,CUT,2,Waialae Country Club,6,70,1,1:10pm,69,0.579,-0.844,-2.277,2.444,-0.676,-0.097,313.7,0.643,0.667,0.5,52.94,40.065,6,3,0,4,11,3,0
pga,2019,2019,2019-01-13,Sony Open in Hawaii,6,"Kim, Whee",11702,CUT,1,Waialae Country Club,6,70,10,12:50pm,71,2.11,1.052,-3.247,-1.277,-3.471,-1.361,276.7,0.571,0.556,0.875,65.812,41.309,3,8,0,2,14,1,1
pga,2019,2019,2019-01-13,Sony Open in Hawaii,6,"Kim, Whee",11702,CUT,2,Waialae Country Club,6,70,1,8:10am,69,0.402,-0.882,0.22,0.162,-0.499,-0.097,279.1,0.714,0.778,0.5,32.717,29.798,1,2,0,3,13,2,0
pga,2019,2019,2019-01-13,Sony Open in Hawaii,6,"Straka, Sepp",17511,CUT,1,Waialae Country Club,6,70,10,8:30am,69,-1.486,-0.196,1.909,0.411,2.125,0.639,289.3,0.5,0.778,0.833,34.125,27.852,4,3,0,4,11,3,0
pga,2019,2019,2019-01-13,Sony Open in Hawaii,6,"Straka, Sepp",17511,CUT,2,Waialae Country Club,6,70,1,1:10pm,71,-0.849,-1.402,0.375,-0.222,-1.248,-2.097,291.4,0.429,0.667,0.556,47.005,29.163,4,2,0,2,13,3,0
pga,2019,2019,2019-01-13,Sony Open in Hawaii,6,"Homa, Max",17538,CUT,1,Waialae Country Club,6,70,10,1:20pm,72,-0.656,-1.841,1.257,-1.122,-1.705,-2.361,287.4,0.357,0.611,0.375,54.328,23.491,3,5,0,3,11,3,1
pga,2019,2019,2019-01-13,Sony Open in Hawaii,6,"Homa, Max",17538,CUT,2,Waialae Country Club,6,70,1,8:40am,68,-0.933,-0.032,1.019,0.848,1.836,0.903,297.9,0.643,0.722,0.667,62.747,21.793,3,0,0,3,14,1,0
pga,2019,2019,2019-01-13,Sony Open in Hawaii,6,"Hahn, James",11374,CUT,1,Waialae Country Club,6,70,10,7:00am,69,-1.4,-0.386,2.351,0.073,2.039,0.639,294.9,0.5,0.778,0.75,32.084,21.871,3,2,0,4,11,3,0
pga,2019,2019,2019-01-13,Sony Open in Hawaii,6,"Hahn, James",11374,CUT,2,Waialae Country Club,6,70,1,11:40am,71,-0.59,0.519,-1.032,-0.995,-1.507,-2.097,295.8,0.429,0.611,0.5,53.452,26.745,3,5,1,3,8,6,0
pga,2019,2019,2019-01-13,Sony Open in Hawaii,6,"Lovemark, Jamie",11382,CUT,1,Waialae Country Club,6,70,1,7:20am,69,2.598,-0.194,-2.175,0.409,-1.959,0.639,289.8,0.643,0.611,0.778,75.407,33.139,1,1,0,4,11,3,0
pga,2019,2019,2019-01-13,Sony Open in Hawaii,6,"Lovemark, Jamie",11382,CUT,2,Waialae Country Club,6,70,10,12:00pm,71,-0.563,-0.822,0.506,-1.219,-1.534,-2.097,294.6,0.071,0.611,0.333,63.754,22.299,3,2,0,4,9,5,0
pga,2019,2019,2019-01-13,Sony Open in Hawaii,6,"Martin, Ben",14007,CUT,1,Waialae Country Club,6,70,1,8:20am,73,-1.964,0.874,-1.234,-1.038,-1.397,-3.361,275.7,0.429,0.5,0.6,63.901,32.895,0,3,0,1,13,4,0
pga,2019,2019,2019-01-13,Sony Open in Hawaii,6,"Martin, Ben",14007,CUT,2,Waialae Country Club,6,70,10,1:00pm,68,1.721,0.579,-1.56,0.162,-0.818,0.903,288.6,0.571,0.667,0.714,32.452,36.974,4,1,0,3,14,1,0
pga,2019,2019,2019-01-13,Sony Open in Hawaii,6,"Kanaya, Takumi",19729,CUT,1,Waialae Country Club,6,70,10,1:10pm,71,0.119,-0.64,-1.566,0.725,-1.48,-1.361,291.8,0.714,0.556,0.4,51.662,32.181,3,4,0,4,9,5,0
pga,2019,2019,2019-01-13,Sony Open in Hawaii,6,"Kanaya, Takumi",19729,CUT,2,Waialae Country Club,6,70,1,8:30am,70,-1.636,0.775,0.075,-0.312,0.539,-1.097,282.1,0.5,0.722,0.5,35.788,26.905,0,3,0,3,12,3,0
pga,2019,2019,2019-01-13,Sony Open in Hawaii,6,"Malnati, Peter",14926,CUT,1,Waialae Country Club,6,70,10,8:20am,72,1.137,-0.003,-0.373,-3.123,-3.498,-2.361,292.9,0.429,0.5,0.6,56.324,32.3,1,4,0,3,12,2,1
pga,2019,2019,2019-01-13,Sony Open in Hawaii,6,"Malnati, Peter",14926,CUT,2,Waialae Country Club,6,70,1,1:00pm,69,1.052,0.68,-0.46,-1.37,-1.149,-0.097,277.8,0.643,0.556,0.667,41.244,34.71,2,5,0,4,11,3,0
pga,2019,2019,2019-01-13,Sony Open in Hawaii,6,"Streb, Robert",14852,CUT,1,Waialae Country Club,6,70,10,8:20am,71,0.054,-0.679,0.508,-1.245,-1.415,-1.361,281.1,0.214,0.611,0.5,33.85,33.635,2,5,0,3,11,4,0
pga,2019,2019,2019-01-13,Sony Open in Hawaii,6,"Streb, Robert",14852,CUT,2,Waialae Country Club,6,70,1,1:00pm,70,-2.081,0.099,-0.246,1.13,0.984,-1.097,290.3,0.571,0.833,0.4,33.042,35.303,1,2,0,1,16,1,0
pga,2019,2019,2019-01-13,Sony Open in Hawaii,6,"Chin, John",14797,CUT,1,Waialae Country Club,6,70,10,8:40am,66,3.506,-0.128,-0.235,0.495,0.133,3.639,287.1,0.429,0.611,0.714,58.329,30.976,8,0,0,6,10,2,0
pga,2019,2019,2019-01-13,Sony Open in Hawaii,6,"Chin, John",14797,CUT,2,Waialae Country Club,6,70,1,1:20pm,75,-3.808,-0.797,-1.341,-0.152,-2.289,-6.097,285.3,0.429,0.667,0.429,107.767,33.431,0,4,0,2,10,5,1
pga,2019,2019,2019-01-13,Sony Open in Hawaii,6,"Watson, Bubba",7334,CUT,1,Waialae Country Club,6,70,10,7:50am,71,0.355,-1.243,0.314,-0.788,-1.716,-1.361,303.8,0.429,0.556,0.444,32.243,29.552,6,4,0,4,10,3,1
pga,2019,2019,2019-01-13,Sony Open in Hawaii,6,"Watson, Bubba",7334,CUT,2,Waialae Country Club,6,70,1,12:30pm,71,-1.415,-2.162,0.888,0.591,-0.682,-2.097,309.1,0.643,0.722,0.3,44.687,27.551,8,8,0,3,13,1,1
pga,2019,2019,2019-01-13,Sony Open in Hawaii,6,"Ikeda, Yuta",8236,CUT,1,Waialae Country Club,6,70,1,8:50am,72,0.491,-1.086,-2.272,0.505,-2.852,-2.361,281.8,0.786,0.722,0.375,69.451,36.906,2,3,0,3,10,5,0
pga,2019,2019,2019-01-13,Sony Open in Hawaii,6,"Ikeda, Yuta",8236,CUT,2,Waialae Country Club,6,70,10,1:30pm,70,0.146,1.542,-0.402,-2.384,-1.243,-1.097,275.3,0.286,0.722,1.0,40.198,32.44,2,5,0,3,12,3,0
pga,2019,2019,2019-01-13,Sony Open in Hawaii,6,"Merritt, Troy",13367,CUT,1,Waialae Country Club,6,70,1,7:30am,71,-1.552,0.696,1.61,-2.116,0.191,-1.361,291.2,0.357,0.722,0.667,32.915,27.081,1,5,0,2,13,3,0
pga,2019,2019,2019-01-13,Sony Open in Hawaii,6,"Merritt, Troy",13367,CUT,2,Waialae Country Club,6,70,10,12:10pm,71,-3.097,1.724,-0.989,0.264,1.0,-2.097,294.9,0.5,0.444,0.583,67.572,22.707,3,2,1,1,12,4,0
pga,2019,2019,2019-01-13,Sony Open in Hawaii,6,"Lee, Kyoung-Hoon",13497,CUT,1,Waialae Country Club,6,70,1,8:40am,71,0.514,0.138,-1.767,-0.247,-1.875,-1.361,297.0,0.643,0.611,0.667,53.733,33.923,3,3,0,2,14,1,1
pga,2019,2019,2019-01-13,Sony Open in Hawaii,6,"Lee, Kyoung-Hoon",13497,CUT,2,Waialae Country Club,6,70,10,1:20pm,71,0.74,-0.421,-0.191,-2.226,-2.837,-2.097,283.8,0.5,0.556,0.75,64.072,28.975,3,7,0,3,11,4,0
pga,2019,2019,2019-01-13,Sony Open in Hawaii,6,"Thompson, Chris",11983,CUT,1,Waialae Country Club,6,70,10,8:30am,72,-1.707,0.14,-0.086,-0.709,-0.654,-2.361,279.5,0.429,0.611,0.625,48.607,29.72,3,3,0,1,15,1,1
pga,2019,2019,2019-01-13,Sony Open in Hawaii,6,"Thompson, Chris",11983,CUT,2,Waialae Country Club,6,70,1,1:10pm,71,-2.624,0.153,-0.414,0.787,0.527,-2.097,299.0,0.571,0.722,0.2,41.372,24.541,0,4,0,3,11,4,0
pga,2019,2019,2019-01-13,Sony Open in Hawaii,6,"Teater, Josh",8085,CUT,1,Waialae Country Club,6,70,10,8:20am,69,-0.787,0.45,1.873,-0.898,1.426,0.639,280.4,0.429,0.722,0.667,28.12,22.692,2,3,0,3,13,2,0
pga,2019,2019,2019-01-13,Sony Open in Hawaii,6,"Teater, Josh",8085,CUT,2,Waialae Country Club,6,70,1,1:00pm,74,-2.787,0.503,-1.713,-1.101,-2.31,-5.097,286.9,0.571,0.611,0.375,62.211,29.426,3,9,0,3,8,7,0
pga,2019,2019,2019-01-13,Sony Open in Hawaii,6,"Schniederjans, Ollie",18662,CUT,1,Waialae Country Club,6,70,1,11:40am,70,0.894,-0.118,-0.738,-0.4,-1.255,-0.361,296.0,0.429,0.556,0.556,39.901,34.897,4,2,0,4,11,2,1
pga,2019,2019,2019-01-13,Sony Open in Hawaii,6,"Schniederjans, Ollie",18662,CUT,2,Waialae Country Club,6,70,10,7:00am,73,1.385,-0.07,-4.336,-1.077,-5.482,-4.097,297.5,0.429,0.722,1.0,50.87,35.333,4,5,0,4,11,1,2
pga,2019,2019,2019-01-13,Sony Open in Hawaii,6,"Blixt, Jonas",8182,CUT,1,Waialae Country Club,6,70,1,7:40am,71,-3.593,0.613,1.834,-0.216,2.232,-1.361,288.4,0.714,0.611,0.75,47.545,25.034,6,6,0,3,11,4,0
pga,2019,2019,2019-01-13,Sony Open in Hawaii,6,"Blixt, Jonas",8182,CUT,2,Waialae Country Club,6,70,10,12:20pm,72,0.105,-1.939,-1.646,0.382,-3.202,-3.097,286.2,0.571,0.444,0.455,44.444,33.252,1,3,0,3,10,5,0
pga,2019,2019,2019-01-13,Sony Open in Hawaii,6,"Sawada, Jared",18133,CUT,1,Waialae Country Club,6,70,10,1:30pm,72,-1.549,-0.035,0.296,-1.074,-0.812,-2.361,293.7,0.357,0.722,0.5,43.427,25.869,1,2,0,2,14,1,1
pga,2019,2019,2019-01-13,Sony Open in Hawaii,6,"Sawada, Jared",18133,CUT,2,Waialae Country Club,6,70,1,8:50am,71,-1.096,-0.24,-0.513,-0.249,-1.001,-2.097,289.2,0.571,0.667,0.667,33.974,28.632,1,3,0,2,13,3,0
pga,2019,2019,2019-01-13,Sony Open in Hawaii,6,"Kodaira, Satoshi",13531,CUT,1,Waialae Country Club,6,70,10,12:40pm,71,-0.537,-0.008,-0.927,0.11,-0.824,-1.361,279.0,0.643,0.778,0.5,133.889,28.85,3,2,0,3,11,4,0
pga,2019,2019,2019-01-13,Sony Open in Hawaii,6,"Kodaira, Satoshi",13531,CUT,2,Waialae Country Club,6,70,1,8:00am,72,-0.43,-0.788,0.828,-2.708,-2.667,-3.097,281.1,0.5,0.722,0.714,51.389,25.107,5,6,0,3,12,2,1
pga,2019,2019,2019-01-13,Sony Open in Hawaii,6,"Taylor, Vaughn",6930,CUT,1,Waialae Country Club,6,70,10,7:00am,69,-0.45,-0.323,-0.127,1.538,1.089,0.639,295.9,0.786,0.611,0.8,33.168,33.729,4,6,0,3,13,2,0
pga,2019,2019,2019-01-13,Sony Open in Hawaii,6,"Taylor, Vaughn",6930,CUT,2,Waialae Country Club,6,70,1,11:40am,74,-0.439,0.235,-1.215,-3.679,-4.658,-5.097,278.8,0.429,0.611,0.625,39.035,39.867,3,5,0,2,11,4,1
pga,2019,2019,2019-01-13,Sony Open in Hawaii,6,"Lindheim, Nicholas",16713,CUT,1,Waialae Country Club,6,70,1,1:10pm,74,-0.748,-0.9,-1.814,-0.9,-3.613,-4.361,282.1,0.571,0.556,0.444,48.953,34.972,1,5,0,2,10,6,0
pga,2019,2019,2019-01-13,Sony Open in Hawaii,6,"Lindheim, Nicholas",16713,CUT,2,Waialae Country Club,6,70,10,8:30am,69,1.681,-1.283,1.127,-1.623,-1.778,-0.097,273.1,0.5,0.722,0.4,90.584,23.69,6,4,0,5,9,4,0
pga,2019,2019,2019-01-13,Sony Open in Hawaii,6,"Taylor, Nick",13126,CUT,1,Waialae Country Club,6,70,1,12:50pm,70,0.084,-0.262,0.875,-1.059,-0.445,-0.361,281.6,0.286,0.833,0.5,47.018,28.933,4,3,0,4,10,4,0
pga,2019,2019,2019-01-13,Sony Open in Hawaii,6,"Taylor, Nick",13126,CUT,2,Waialae Country Club,6,70,10,8:10am,74,0.458,-2.655,-3.165,0.264,-5.555,-5.097,288.5,0.5,0.5,0.333,64.711,34.614,3,4,0,3,9,5,1
pga,2019,2019,2019-01-13,Sony Open in Hawaii,6,"Marino, Steve",7741,CUT,1,Waialae Country Club,6,70,1,7:00am,74,0.384,-0.546,-3.933,-0.267,-4.745,-4.361,289.8,0.357,0.5,0.636,54.073,42.519,4,5,0,2,12,3,1
pga,2019,2019,2019-01-13,Sony Open in Hawaii,6,"Marino, Steve",7741,CUT,2,Waialae Country Club,6,70,10,11:40am,70,0.708,-1.013,-0.515,-0.278,-1.805,-1.097,287.9,0.357,0.556,0.667,52.886,26.338,3,3,0,2,14,2,0
pga,2019,2019,2019-01-13,Sony Open in Hawaii,6,"Diaz, Roberto",15394,CUT,1,Waialae Country Club,6,70,1,8:30am,71,0.991,-1.428,-1.548,0.623,-2.352,-1.361,290.9,0.714,0.611,0.333,57.469,39.708,3,4,0,5,7,6,0
pga,2019,2019,2019-01-13,Sony Open in Hawaii,6,"Diaz, Roberto",15394,CUT,2,Waialae Country Club,6,70,10,1:10pm,73,-4.714,-0.6,0.34,0.876,0.617,-4.097,288.6,0.714,0.667,0.429,34.404,29.278,2,6,1,1,11,4,1
pga,2019,2019,2019-01-13,Sony Open in Hawaii,6,"Perry, Kenny",604,CUT,1,Waialae Country Club,6,70,1,7:00am,72,-2.214,-2.116,0.522,1.446,-0.147,-2.361,297.4,0.786,0.833,0.429,63.777,21.559,1,3,0,3,12,1,2
pga,2019,2019,2019-01-13,Sony Open in Hawaii,6,"Perry, Kenny",604,CUT,2,Waialae Country Club,6,70,10,11:40am,72,-1.681,-0.103,-1.286,-0.028,-1.416,-3.097,288.9,0.571,0.667,0.714,99.702,26.002,2,5,0,4,9,4,1
pga,2019,2019,2019-01-13,Sony Open in Hawaii,6,"Davis, Cameron",17786,CUT,1,Waialae Country Club,6,70,1,8:40am,73,-1.49,-0.379,-2.098,0.605,-1.871,-3.361,295.8,0.571,0.611,0.444,62.024,36.263,1,5,0,1,13,4,0
pga,2019,2019,2019-01-13,Sony Open in Hawaii,6,"Davis, Cameron",17786,CUT,2,Waialae Country Club,6,70,10,1:20pm,71,-0.311,0.897,-2.686,0.002,-1.786,-2.097,282.9,0.571,0.556,0.667,45.269,38.054,2,4,0,2,13,3,0
pga,2019,2019,2019-01-13,Sony Open in Hawaii,6,"Henry, J.J.",6222,CUT,1,Waialae Country Club,6,70,1,8:20am,76,-0.852,-1.424,-2.814,-1.272,-5.509,-6.361,275.0,0.286,0.389,0.462,78.361,37.185,1,3,0,1,10,7,0
pga,2019,2019,2019-01-13,Sony Open in Hawaii,6,"Henry, J.J.",6222,CUT,2,Waialae Country Club,6,70,10,1:00pm,69,0.492,0.931,-1.511,-0.01,-0.589,-0.097,286.2,0.571,0.556,0.7,51.292,37.083,2,3,0,3,13,2,0
pga,2019,2019,2019-01-13,Sony Open in Hawaii,6,"Harman, Brian",8825,CUT,1,Waialae Country Club,6,70,1,8:10am,72,-2.461,1.771,-1.085,-0.587,0.1,-2.361,288.0,0.357,0.5,0.6,58.183,31.458,4,4,0,3,11,3,1
pga,2019,2019,2019-01-13,Sony Open in Hawaii,6,"Harman, Brian",8825,CUT,2,Waialae Country Club,6,70,10,12:50pm,73,-1.667,-1.407,-1.421,0.397,-2.43,-4.097,287.8,0.571,0.5,0.455,63.465,34.426,3,5,0,1,13,4,0
pga,2019,2019,2019-01-13,Sony Open in Hawaii,6,"Landry, Andrew",14000,CUT,1,Waialae Country Club,6,70,1,12:10pm,74,-2.019,-1.483,-1.742,0.882,-2.342,-4.361,288.4,0.643,0.556,0.444,48.281,28.224,0,1,0,1,12,5,0
pga,2019,2019,2019-01-13,Sony Open in Hawaii,6,"Landry, Andrew",14000,CUT,2,Waialae Country Club,6,70,10,7:30am,71,2.233,-3.075,-1.189,-0.067,-4.33,-2.097,286.7,0.5,0.722,0.5,57.923,34.247,4,5,1,2,12,2,1
pga,2019,2019,2019-01-13,Sony Open in Hawaii,6,"Grant, Brent",22914,CUT,1,Waialae Country Club,6,70,10,1:20pm,72,-3.247,-0.86,0.801,0.944,0.886,-2.361,301.9,0.571,0.667,0.25,48.967,24.704,4,5,0,3,10,5,0
pga,2019,2019,2019-01-13,Sony Open in Hawaii,6,"Grant, Brent",22914,CUT,2,Waialae Country Club,6,70,1,8:40am,73,-4.022,0.249,0.938,-1.263,-0.075,-4.097,307.7,0.429,0.556,0.375,34.435,15.824,2,5,0,2,11,5,0
pga,2019,2019,2019-01-13,Sony Open in Hawaii,6,"Hickok, Kramer",21237,CUT,1,Waialae Country Club,6,70,10,1:00pm,75,-1.54,-1.776,-1.592,-0.454,-3.821,-5.361,283.5,0.714,0.611,0.167,116.539,35.588,3,2,0,2,9,7,0
pga,2019,2019,2019-01-13,Sony Open in Hawaii,6,"Hickok, Kramer",21237,CUT,2,Waialae Country Club,6,70,1,8:20am,70,-1.585,-0.252,0.423,0.316,0.488,-1.097,292.7,0.5,0.667,0.5,83.107,19.098,1,2,0,4,10,4,0
pga,2019,2019,2019-01-13,Sony Open in Hawaii,6,"Schenk, Adam",19477,CUT,1,Waialae Country Club,6,70,1,8:50am,74,-0.931,-1.58,-0.95,-0.901,-3.43,-4.361,282.7,0.5,0.444,0.6,74.519,35.863,2,6,0,2,12,3,1
pga,2019,2019,2019-01-13,Sony Open in Hawaii,6,"Schenk, Adam",19477,CUT,2,Waialae Country Club,6,70,10,1:30pm,72,-0.723,-1.975,-0.969,0.569,-2.374,-3.097,302.1,0.357,0.722,0.333,43.481,27.821,4,3,0,3,11,3,1
pga,2019,2019,2019-01-13,Sony Open in Hawaii,6,"Reeves, Seth",19643,CUT,1,Waialae Country Club,6,70,1,8:40am,74,0.518,0.268,-3.289,-1.859,-4.879,-4.361,307.2,0.429,0.5,0.556,65.708,38.865,3,9,0,2,13,1,2
pga,2019,2019,2019-01-13,Sony Open in Hawaii,6,"Reeves, Seth",19643,CUT,2,Waialae Country Club,6,70,10,1:20pm,72,-0.318,-1.398,-3.162,1.78,-2.779,-3.097,301.1,0.643,0.444,0.455,54.844,26.694,4,4,0,4,9,4,1
pga,2019,2019,2019-01-13,Sony Open in Hawaii,6,"Scott, Adam",6430,CUT,1,Waialae Country Club,6,70,10,7:40am,72,0.119,-0.363,-1.691,-0.427,-2.48,-2.361,282.6,0.5,0.556,0.444,69.773,35.716,1,1,0,3,10,5,0
pga,2019,2019,2019-01-13,Sony Open in Hawaii,6,"Scott, Adam",6430,CUT,2,Waialae Country Club,6,70,1,12:20pm,75,0.056,-3.151,-1.713,-1.29,-6.153,-6.097,298.8,0.286,0.389,0.571,48.925,33.761,5,9,0,3,10,2,3
pga,2019,2019,2019-01-13,Sony Open in Hawaii,6,"Jones, Kyle",19867,CUT,1,Waialae Country Club,6,70,10,8:40am,73,-0.976,0.159,-2.776,0.231,-2.385,-3.361,281.4,0.643,0.5,0.7,50.034,43.301,0,2,0,0,15,3,0
pga,2019,2019,2019-01-13,Sony Open in Hawaii,6,"Jones, Kyle",19867,CUT,2,Waialae Country Club,6,70,1,1:20pm,74,0.473,-0.639,-2.197,-2.735,-5.57,-5.097,278.4,0.286,0.389,0.615,69.766,23.5,2,5,0,2,12,2,2
pga,2019,2019,2019-01-13,Sony Open in Hawaii,6,"Stefani, Shawn",14012,CUT,1,Waialae Country Club,6,70,10,8:10am,72,-0.33,-0.871,1.076,-2.237,-2.031,-2.361,282.7,0.429,0.667,0.333,51.092,23.702,0,3,0,4,9,4,1
pga,2019,2019,2019-01-13,Sony Open in Hawaii,6,"Stefani, Shawn",14012,CUT,2,Waialae Country Club,6,70,1,12:50pm,75,-2.31,0.788,-2.419,-2.157,-3.787,-6.097,287.9,0.5,0.444,0.5,76.158,25.202,1,4,0,1,12,4,1
pga,2019,2019,2019-01-13,Sony Open in Hawaii,6,"Rodgers, Patrick",16283,CUT,1,Waialae Country Club,6,70,10,12:00pm,74,-1.362,-1.744,-0.546,-0.71,-2.999,-4.361,292.7,0.5,0.611,0.4,75.985,31.794,1,6,0,2,11,4,1
pga,2019,2019,2019-01-13,Sony Open in Hawaii,6,"Rodgers, Patrick",16283,CUT,2,Waialae Country Club,6,70,1,7:20am,74,-2.139,-2.171,0.148,-0.936,-2.958,-5.097,307.6,0.214,0.556,0.333,28.791,24.248,1,7,1,0,11,6,0
pga,2019,2019,2019-01-13,Sony Open in Hawaii,6,"Power, Seamus",10104,CUT,1,Waialae Country Club,6,70,10,8:10am,72,0.038,0.314,-1.967,-0.747,-2.399,-2.361,290.5,0.5,0.667,0.571,42.226,48.272,4,5,0,2,13,2,1
pga,2019,2019,2019-01-13,Sony Open in Hawaii,6,"Power, Seamus",10104,CUT,2,Waialae Country Club,6,70,1,12:50pm,76,-1.016,0.17,-2.758,-3.494,-6.081,-7.097,284.3,0.214,0.278,0.462,83.106,25.95,3,10,0,2,9,6,1
pga,2019,2019,2019-01-13,Sony Open in Hawaii,6,"Singh, Vijay",653,CUT,1,Waialae Country Club,6,70,10,12:20pm,75,-1.634,-0.504,-1.777,-1.447,-3.727,-5.361,288.6,0.5,0.556,0.5,51.05,30.53,1,5,0,1,12,4,1
pga,2019,2019,2019-01-13,Sony Open in Hawaii,6,"Singh, Vijay",653,CUT,2,Waialae Country Club,6,70,1,7:40am,74,-2.499,1.217,-3.139,-0.677,-2.598,-5.097,283.6,0.357,0.5,0.455,39.358,33.902,0,6,0,1,12,5,0
pga,2019,2019,2019-01-13,Sony Open in Hawaii,6,"Jung, Peter",25906,CUT,1,Waialae Country Club,6,70,10,8:50am,84,-2.329,-2.795,-3.867,-5.371,-12.032,-14.361,273.0,0.214,0.389,0.333,67.319,51.588,0,14,0,0,9,5,4
pga,2019,2019,2019-01-13,Sony Open in Hawaii,6,"Jung, Peter",25906,CUT,2,Waialae Country Club,6,70,1,1:30pm,78,-1.397,-1.734,-2.969,-2.998,-7.7,-9.097,270.5,0.357,0.556,0.333,71.201,32.069,2,7,0,0,11,6,1
pga,2019,2019,2019-01-13,Sony Open in Hawaii,6,"Dugas, Eric",13338,MDF,1,Waialae Country Club,6,70,10,1:00pm,67,0.727,0.651,2.378,-1.118,1.912,2.639,266.5,0.643,0.889,1.0,28.842,32.812,4,3,0,4,13,1,0
pga,2019,2019,2019-01-13,Sony Open in Hawaii,6,"Dugas, Eric",13338,MDF,2,Waialae Country Club,6,70,1,8:20am,71,-1.991,0.218,0.019,-0.344,-0.106,-2.097,275.6,0.643,0.722,0.6,31.973,30.673,2,4,0,3,11,4,0
pga,2019,2019,2019-01-13,Sony Open in Hawaii,6,"Dugas, Eric",13338,MDF,3,Waialae Country Club,6,70,10,12:30pm,71,-1.329,-1.195,-0.421,0.266,-1.35,-2.679,285.8,0.571,0.722,0.429,32.257,31.775,3,5,0,2,13,3,0
pga,2019,2019,2019-01-13,Sony Open in Hawaii,6,"Stricker, Steve",4818,MDF,1,Waialae Country Club,6,70,10,12:10pm,71,0.263,0.726,-2.19,-0.161,-1.624,-1.361,278.1,0.571,0.667,0.778,64.587,35.735,3,2,0,1,15,2,0
pga,2019,2019,2019-01-13,Sony Open in Hawaii,6,"Stricker, Steve",4818,MDF,2,Waialae Country Club,6,70,1,7:30am,67,0.515,0.992,-0.565,0.96,1.388,1.903,290.6,0.714,0.667,0.714,37.216,31.415,2,2,1,3,12,2,0
pga,2019,2019,2019-01-13,Sony Open in Hawaii,6,"Stricker, Steve",4818,MDF,3,Waialae Country Club,6,70,10,12:10pm,72,-0.598,-1.221,-1.604,-0.256,-3.081,-3.679,286.4,0.429,0.556,0.444,31.537,29.195,1,5,0,2,12,4,0
pga,2019,2019,2019-01-13,Sony Open in Hawaii,6,"Trainer, Martin",15634,MDF,1,Waialae Country Club,6,70,10,8:50am,69,1.588,0.165,-1.535,0.42,-0.949,0.639,297.1,0.429,0.667,0.667,70.782,38.994,2,1,0,3,13,2,0
pga,2019,2019,2019-01-13,Sony Open in Hawaii,6,"Trainer, Martin",15634,MDF,2,Waialae Country Club,6,70,1,1:30pm,68,-0.904,-0.47,2.141,0.135,1.807,0.903,293.7,0.643,0.722,0.5,32.086,33.29,5,5,0,4,12,2,0
pga,2019,2019,2019-01-13,Sony Open in Hawaii,6,"Trainer, Martin",15634,MDF,3,Waialae Country Club,6,70,10,11:50am,73,-2.196,0.289,-0.843,-1.929,-2.483,-4.679,304.0,0.429,0.611,0.5,48.493,40.633,2,7,0,1,14,2,1
pga,2019,2019,2019-01-13,Sony Open in Hawaii,6,"Champ, Cameron",23542,MDF,1,Waialae Country Club,6,70,1,12:20pm,69,0.537,-0.361,0.967,-0.505,0.102,0.639,295.5,0.357,0.722,0.714,42.026,30.295,2,5,0,3,13,2,0
pga,2019,2019,2019-01-13,Sony Open in Hawaii,6,"Champ, Cameron",23542,MDF,2,Waialae Country Club,6,70,10,7:40am,68,0.446,0.129,-0.37,0.697,0.457,0.903,298.3,0.714,0.833,0.6,50.84,32.935,3,1,0,3,14,1,0
pga,2019,2019,2019-01-13,Sony Open in Hawaii,6,"Champ, Cameron",23542,MDF,3,Waialae Country Club,6,70,10,11:10am,73,-1.608,-2.117,-1.004,0.05,-3.071,-4.679,294.0,0.714,0.556,0.444,33.7,28.192,2,4,0,3,10,4,1
pga,2019,2019,2019-01-13,Sony Open in Hawaii,6,"Dufner, Jason",7301,MDF,1,Waialae Country Club,6,70,1,8:10am,66,1.276,0.456,1.051,0.855,2.363,3.639,289.9,0.786,0.667,0.571,36.656,25.3,4,2,0,6,10,2,0
pga,2019,2019,2019-01-13,Sony Open in Hawaii,6,"Dufner, Jason",7301,MDF,2,Waialae Country Club,6,70,10,12:50pm,72,-3.915,0.188,0.867,-0.238,0.818,-3.097,282.5,0.643,0.778,0.5,28.613,31.413,1,4,0,2,12,4,0
pga,2019,2019,2019-01-13,Sony Open in Hawaii,6,"Dufner, Jason",7301,MDF,3,Waialae Country Club,6,70,10,12:50pm,72,-2.237,-0.45,0.557,-1.549,-1.442,-3.679,287.3,0.643,0.667,0.571,62.087,27.093,1,6,0,2,12,4,0
pga,2019,2019,2019-01-13,Sony Open in Hawaii,6,"Hughes, Mackenzie",15556,MDF,1,Waialae Country Club,6,70,10,12:20pm,70,0.115,-0.199,-1.022,0.744,-0.476,-0.361,295.0,0.571,0.722,0.333,60.188,32.616,5,4,1,2,11,4,0
pga,2019,2019,2019-01-13,Sony Open in Hawaii,6,"Hughes, Mackenzie",15556,MDF,2,Waialae Country Club,6,70,1,7:40am,68,0.005,0.346,0.294,0.257,0.898,0.903,293.9,0.5,0.667,0.833,31.605,23.075,2,2,0,3,14,1,0
pga,2019,2019,2019-01-13,Sony Open in Hawaii,6,"Hughes, Mackenzie",15556,MDF,3,Waialae Country Club,6,70,10,12:10pm,73,-1.988,-1.224,-1.289,-0.178,-2.691,-4.679,295.2,0.429,0.556,0.667,72.388,27.174,3,10,0,2,11,5,0
pga,2019,2019,2019-01-13,Sony Open in Hawaii,6,"O'Hair, Sean",7626,MDF,1,Waialae Country Club,6,70,10,11:50am,69,0.377,0.241,0.323,-0.303,0.262,0.639,280.5,0.5,0.556,0.778,51.675,31.84,4,5,0,3,13,2,0
pga,2019,2019,2019-01-13,Sony Open in Hawaii,6,"O'Hair, Sean",7626,MDF,2,Waialae Country Club,6,70,1,7:10am,68,-0.915,0.252,0.973,0.592,1.818,0.903,285.1,0.571,0.778,0.8,34.727,28.467,3,3,0,3,14,1,0
pga,2019,2019,2019-01-13,Sony Open in Hawaii,6,"O'Hair, Sean",7626,MDF,3,Waialae Country Club,6,70,10,11:00am,74,2.477,-0.002,-5.843,-2.311,-8.156,-5.679,275.7,0.571,0.333,0.692,69.499,43.557,4,7,0,3,11,2,2
pga,2019,2019,2019-01-13,Sony Open in Hawaii,6,"Schnell, Brady",12414,MDF,1,Waialae Country Club,6,70,10,8:50am,71,0.025,0.308,-1.05,-0.645,-1.386,-1.361,293.5,0.357,0.667,0.714,35.002,37.957,2,2,0,2,13,3,0
pga,2019,2019,2019-01-13,Sony Open in Hawaii,6,"Schnell, Brady",12414,MDF,2,Waialae Country Club,6,70,1,1:30pm,67,1.172,-0.799,1.129,0.4,0.731,1.903,279.8,0.571,0.778,0.5,47.079,22.951,3,1,0,6,9,3,0
pga,2019,2019,2019-01-13,Sony Open in Hawaii,6,"Schnell, Brady",12414,MDF,3,Waialae Country Club,6,70,10,12:50pm,74,-2.392,-1.075,-1.625,-0.587,-3.287,-5.679,285.1,0.5,0.389,0.5,30.865,30.75,4,8,0,2,11,4,1
pga,2019,2019,2019-01-13,Sony Open in Hawaii,6,"Woodland, Gary",12577,MDF,1,Waialae Country Club,6,70,10,8:00am,71,-1.119,-0.103,-1.55,1.41,-0.242,-1.361,290.9,0.714,0.611,0.5,75.767,31.869,4,5,0,2,13,3,0
pga,2019,2019,2019-01-13,Sony Open in Hawaii,6,"Woodland, Gary",12577,MDF,2,Waialae Country Club,6,70,1,12:40pm,66,0.091,-0.042,2.437,0.416,2.812,2.903,308.7,0.643,0.833,0.667,39.66,20.649,2,2,0,5,12,1,0
pga,2019,2019,2019-01-13,Sony Open in Hawaii,6,"Woodland, Gary",12577,MDF,3,Waialae Country Club,6,70,10,11:40am,76,-3.705,-0.36,0.049,-3.663,-3.974,-7.679,290.4,0.429,0.5,0.556,28.672,30.913,3,11,0,0,12,6,0
pga,2019,2019,2019-01-13,Sony Open in Hawaii,6,"Garber, Joey",18658,MDF,1,Waialae Country Club,6,70,1,8:30am,71,-0.429,-1.557,-0.627,1.251,-0.932,-1.361,294.6,0.643,0.778,0.5,42.82,28.435,1,4,0,2,13,3,0
pga,2019,2019,2019-01-13,Sony Open in Hawaii,6,"Garber, Joey",18658,MDF,2,Waialae Country Club,6,70,10,1:10pm,67,1.996,-0.399,0.001,0.304,-0.093,1.903,287.4,0.643,0.667,0.75,59.849,28.165,3,2,0,3,15,0,0
pga,2019,2019,2019-01-13,Sony Open in Hawaii,6,"Garber, Joey",18658,MDF,3,Waialae Country Club,6,70,10,12:50pm,76,-2.175,-3.29,-2.566,0.352,-5.504,-7.679,288.8,0.643,0.556,0.5,83.931,31.359,0,6,0,0,14,3,1
